repo_id,repo_name,actor,starred_at,fake_acct
MDEwOlJlcG9zaXRvcnkyNTU0NjA2MTk=,holochain/holochain-client-js,brkygn17,2022-08-25 21:25:19 UTC,suspected-activity_cluster
MDEwOlJlcG9zaXRvcnkyNTU0NjA2MTk=,holochain/holochain-client-js,Mltrcbn,2024-03-08 21:23:50 UTC,suspected-activity_cluster
MDEwOlJlcG9zaXRvcnkyNTU0NjA2MTk=,holochain/holochain-client-js,burakbaser,2022-08-28 09:10:27 UTC,suspected-activity_cluster
MDEwOlJlcG9zaXRvcnkyNTU0NjA2MTk=,holochain/holochain-client-js,NSNCI,2024-03-08 21:25:33 UTC,suspected-activity_cluster
MDEwOlJlcG9zaXRvcnkyNTU0NjA2MTk=,holochain/holochain-client-js,Mgche,2022-08-26 01:54:34 UTC,suspected-activity_cluster
MDEwOlJlcG9zaXRvcnkyNTU0NjA2MTk=,holochain/holochain-client-js,patika01,2022-08-26 19:15:45 UTC,suspected-activity_cluster
MDEwOlJlcG9zaXRvcnkyNTU0NjA2MTk=,holochain/holochain-client-js,vressam,2024-03-08 14:32:46 UTC,suspected-activity_cluster
MDEwOlJlcG9zaXRvcnkyNTU0NjA2MTk=,holochain/holochain-client-js,desert75,2024-03-09 13:08:58 UTC,suspected-activity_cluster
MDEwOlJlcG9zaXRvcnkyNTU0NjA2MTk=,holochain/holochain-client-js,Ynsklc92,2024-03-08 20:50:09 UTC,suspected-activity_cluster
MDEwOlJlcG9zaXRvcnkyNTU0NjA2MTk=,holochain/holochain-client-js,krmbsr,2022-08-26 06:27:10 UTC,suspected-activity_cluster
MDEwOlJlcG9zaXRvcnkyNTU0NjA2MTk=,holochain/holochain-client-js,tornistera,2024-03-08 20:44:43 UTC,suspected-activity_cluster
MDEwOlJlcG9zaXRvcnkyNTU0NjA2MTk=,holochain/holochain-client-js,Zaliminoglu,2022-08-26 05:50:26 UTC,suspected-activity_cluster
MDEwOlJlcG9zaXRvcnkyNTU0NjA2MTk=,holochain/holochain-client-js,Soneruzun,2024-03-10 08:35:16 UTC,suspected-activity_cluster
MDEwOlJlcG9zaXRvcnkyNTU0NjA2MTk=,holochain/holochain-client-js,Blacken0101,2024-03-22 12:44:17 UTC,suspected-activity_cluster
MDEwOlJlcG9zaXRvcnkyNTU0NjA2MTk=,holochain/holochain-client-js,cncpwts,2024-03-03 06:12:02 UTC,suspected-activity_cluster
MDEwOlJlcG9zaXRvcnkyNTU0NjA2MTk=,holochain/holochain-client-js,ROcrypto,2022-02-05 05:21:45 UTC,suspected-activity_cluster
MDEwOlJlcG9zaXRvcnkyNTU0NjA2MTk=,holochain/holochain-client-js,Dewilinhell,2024-03-15 13:59:16 UTC,suspected-activity_cluster
MDEwOlJlcG9zaXRvcnkyNTU0NjA2MTk=,holochain/holochain-client-js,bizmoshow,2024-03-08 13:37:31 UTC,suspected-activity_cluster
MDEwOlJlcG9zaXRvcnkyNTU0NjA2MTk=,holochain/holochain-client-js,holokadir,2024-03-09 14:25:29 UTC,suspected-activity_cluster
MDEwOlJlcG9zaXRvcnkyNTU0NjA2MTk=,holochain/holochain-client-js,Hurad90,2022-08-26 06:28:17 UTC,suspected-activity_cluster
MDEwOlJlcG9zaXRvcnkyNTU0NjA2MTk=,holochain/holochain-client-js,kursatg25,2024-03-08 20:23:33 UTC,suspected-activity_cluster
MDEwOlJlcG9zaXRvcnkyNTU0NjA2MTk=,holochain/holochain-client-js,Ercan54,2024-03-12 15:05:31 UTC,suspected-activity_cluster
MDEwOlJlcG9zaXRvcnkyNTU0NjA2MTk=,holochain/holochain-client-js,2510249,2024-03-09 06:55:48 UTC,suspected-activity_cluster
MDEwOlJlcG9zaXRvcnkyNTU0NjA2MTk=,holochain/holochain-client-js,jokeria1907,2024-03-22 13:38:32 UTC,suspected-activity_cluster
MDEwOlJlcG9zaXRvcnkyNTU0NjA2MTk=,holochain/holochain-client-js,SametOD,2022-08-26 12:01:27 UTC,suspected-activity_cluster
MDEwOlJlcG9zaXRvcnkyNTU0NjA2MTk=,holochain/holochain-client-js,sefleksinan,2024-03-22 11:05:51 UTC,suspected-activity_cluster
MDEwOlJlcG9zaXRvcnkyNTU0NjA2MTk=,holochain/holochain-client-js,holoholder,2024-03-22 12:43:53 UTC,suspected-activity_cluster
MDEwOlJlcG9zaXRvcnkyNTU0NjA2MTk=,holochain/holochain-client-js,gcidem,2024-03-22 08:49:09 UTC,unknown
MDEwOlJlcG9zaXRvcnkyNTU0NjA2MTk=,holochain/holochain-client-js,Meyyit34,2024-03-22 11:56:41 UTC,suspected-activity_cluster
MDEwOlJlcG9zaXRvcnkyNTU0NjA2MTk=,holochain/holochain-client-js,Holomurat,2024-03-08 21:09:56 UTC,suspected-activity_cluster
MDEwOlJlcG9zaXRvcnkyNTU0NjA2MTk=,holochain/holochain-client-js,TurCeuN,2024-03-22 09:00:34 UTC,suspected-activity_cluster
MDEwOlJlcG9zaXRvcnkyNTU0NjA2MTk=,holochain/holochain-client-js,akdrcaptain,2024-03-22 12:18:46 UTC,suspected-activity_cluster
MDEwOlJlcG9zaXRvcnkyNTU0NjA2MTk=,holochain/holochain-client-js,Cevikbaba,2024-03-22 15:01:46 UTC,suspected-activity_cluster
MDEwOlJlcG9zaXRvcnkyNTU0NjA2MTk=,holochain/holochain-client-js,kordecsine,2024-03-08 20:20:24 UTC,suspected-activity_cluster
MDEwOlJlcG9zaXRvcnkyNTU0NjA2MTk=,holochain/holochain-client-js,youngwerther87,2024-03-08 20:03:50 UTC,suspected-activity_cluster
MDEwOlJlcG9zaXRvcnkyNTU0NjA2MTk=,holochain/holochain-client-js,ALPER3485,2024-03-22 11:37:11 UTC,suspected-activity_cluster
MDEwOlJlcG9zaXRvcnkyNTU0NjA2MTk=,holochain/holochain-client-js,edizaslan22,2024-03-08 20:22:04 UTC,suspected-activity_cluster
MDEwOlJlcG9zaXRvcnkyNTU0NjA2MTk=,holochain/holochain-client-js,Duncan7284,2024-03-07 05:16:59 UTC,suspected-activity_cluster
MDEwOlJlcG9zaXRvcnkyNTU0NjA2MTk=,holochain/holochain-client-js,skyguard31,2024-03-15 11:52:40 UTC,suspected-activity_cluster
MDEwOlJlcG9zaXRvcnkyNTU0NjA2MTk=,holochain/holochain-client-js,bombosborsa,2024-03-21 22:30:53 UTC,unknown
MDEwOlJlcG9zaXRvcnkyNTU0NjA2MTk=,holochain/holochain-client-js,MuhammedOkmen,2024-03-22 01:57:16 UTC,suspected-activity_cluster
MDEwOlJlcG9zaXRvcnkyNTU0NjA2MTk=,holochain/holochain-client-js,theabundancemaster,2024-03-08 20:47:02 UTC,suspected-activity_cluster
MDEwOlJlcG9zaXRvcnkyNTU0NjA2MTk=,holochain/holochain-client-js,enes414106,2024-03-12 17:09:15 UTC,suspected-activity_cluster
MDEwOlJlcG9zaXRvcnkyNTU0NjA2MTk=,holochain/holochain-client-js,menez,2024-03-08 14:09:31 UTC,suspected-activity_cluster
MDEwOlJlcG9zaXRvcnkyNTU0NjA2MTk=,holochain/holochain-client-js,asligozde,2024-03-08 20:30:05 UTC,suspected-activity_cluster
MDEwOlJlcG9zaXRvcnkyNTU0NjA2MTk=,holochain/holochain-client-js,asd27A,2024-03-08 08:33:19 UTC,suspected-activity_cluster
MDEwOlJlcG9zaXRvcnkyNTU0NjA2MTk=,holochain/holochain-client-js,Cete23,2024-03-08 20:33:47 UTC,suspected-activity_cluster
MDEwOlJlcG9zaXRvcnkyNTU0NjA2MTk=,holochain/holochain-client-js,alaguneymahmut,2024-03-08 13:40:14 UTC,suspected-activity_cluster
MDEwOlJlcG9zaXRvcnkyNTU0NjA2MTk=,holochain/holochain-client-js,CadillacJackk,2024-03-08 20:39:49 UTC,suspected-activity_cluster
MDEwOlJlcG9zaXRvcnkyNTU0NjA2MTk=,holochain/holochain-client-js,hakunen,2024-03-08 20:30:46 UTC,suspected-activity_cluster
MDEwOlJlcG9zaXRvcnkyNTU0NjA2MTk=,holochain/holochain-client-js,Bybiyik58,2024-03-22 11:55:13 UTC,suspected-activity_cluster
MDEwOlJlcG9zaXRvcnkyNTU0NjA2MTk=,holochain/holochain-client-js,DM-Marcellus,2024-03-03 13:33:32 UTC,suspected-activity_cluster
MDEwOlJlcG9zaXRvcnkyNTU0NjA2MTk=,holochain/holochain-client-js,Alp52,2024-03-12 14:45:03 UTC,suspected-activity_cluster
MDEwOlJlcG9zaXRvcnkyNTU0NjA2MTk=,holochain/holochain-client-js,andaeriel,2024-03-12 18:39:09 UTC,suspected-activity_cluster
MDEwOlJlcG9zaXRvcnkyNTU0NjA2MTk=,holochain/holochain-client-js,DuneDream,2024-04-04 06:45:27 UTC,suspected-activity_cluster
MDEwOlJlcG9zaXRvcnkyNTU0NjA2MTk=,holochain/holochain-client-js,sogukkafa,2024-03-08 13:12:43 UTC,suspected-activity_cluster
MDEwOlJlcG9zaXRvcnkyNTU0NjA2MTk=,holochain/holochain-client-js,Shadysunyx,2024-03-10 08:58:21 UTC,suspected-activity_cluster
MDEwOlJlcG9zaXRvcnkyNTU0NjA2MTk=,holochain/holochain-client-js,ozcanu600,2024-03-08 20:44:19 UTC,suspected-activity_cluster
MDEwOlJlcG9zaXRvcnkyNTU0NjA2MTk=,holochain/holochain-client-js,Ahmetacar283,2024-03-10 08:10:21 UTC,suspected-activity_cluster
MDEwOlJlcG9zaXRvcnkyNTU0NjA2MTk=,holochain/holochain-client-js,utkuengin,2024-03-08 13:33:21 UTC,suspected-activity_cluster
MDEwOlJlcG9zaXRvcnkyNTU0NjA2MTk=,holochain/holochain-client-js,eranorsa,2024-03-03 16:59:49 UTC,suspected-activity_cluster
MDEwOlJlcG9zaXRvcnkyNTU0NjA2MTk=,holochain/holochain-client-js,drdrlmzx1,2024-03-08 20:23:43 UTC,suspected-activity_cluster
MDEwOlJlcG9zaXRvcnkyNTU0NjA2MTk=,holochain/holochain-client-js,collcampus,2024-03-22 13:00:07 UTC,suspected-activity_cluster
MDEwOlJlcG9zaXRvcnkyNTU0NjA2MTk=,holochain/holochain-client-js,halil8769,2024-03-07 22:12:32 UTC,suspected-activity_cluster
MDEwOlJlcG9zaXRvcnkyNTU0NjA2MTk=,holochain/holochain-client-js,apakugur23,2024-03-08 21:31:41 UTC,suspected-activity_cluster
MDEwOlJlcG9zaXRvcnkyNTU0NjA2MTk=,holochain/holochain-client-js,aysegulnn,2024-03-08 13:58:51 UTC,suspected-activity_cluster
MDEwOlJlcG9zaXRvcnkyNTU0NjA2MTk=,holochain/holochain-client-js,ekremevdanlar,2024-03-09 17:33:53 UTC,suspected-activity_cluster
MDEwOlJlcG9zaXRvcnkyNTU0NjA2MTk=,holochain/holochain-client-js,calebkan,2024-03-08 13:31:05 UTC,suspected-activity_cluster
MDEwOlJlcG9zaXRvcnkyNTU0NjA2MTk=,holochain/holochain-client-js,kriptodost,2024-03-09 13:01:08 UTC,suspected-activity_cluster
MDEwOlJlcG9zaXRvcnkyNTU0NjA2MTk=,holochain/holochain-client-js,MeftunFirak,2024-03-08 20:32:12 UTC,suspected-activity_cluster
MDEwOlJlcG9zaXRvcnkyNTU0NjA2MTk=,holochain/holochain-client-js,YusufGrbz38,2024-03-08 21:10:09 UTC,suspected-activity_cluster
MDEwOlJlcG9zaXRvcnkyNTU0NjA2MTk=,holochain/holochain-client-js,duristi,2024-03-08 20:41:37 UTC,suspected-activity_cluster
MDEwOlJlcG9zaXRvcnkyNTU0NjA2MTk=,holochain/holochain-client-js,Musti738,2024-03-09 14:37:43 UTC,suspected-activity_cluster
MDEwOlJlcG9zaXRvcnkyNTU0NjA2MTk=,holochain/holochain-client-js,ismail1201,2024-03-22 11:16:17 UTC,suspected-activity_cluster
MDEwOlJlcG9zaXRvcnkyNTU0NjA2MTk=,holochain/holochain-client-js,southern01,2024-03-23 13:09:18 UTC,suspected-activity_cluster
MDEwOlJlcG9zaXRvcnkyNTU0NjA2MTk=,holochain/holochain-client-js,02112014,2024-03-08 13:31:50 UTC,suspected-activity_cluster
MDEwOlJlcG9zaXRvcnkyNTU0NjA2MTk=,holochain/holochain-client-js,pamirge,2024-03-08 21:28:16 UTC,suspected-activity_cluster
MDEwOlJlcG9zaXRvcnkyNTU0NjA2MTk=,holochain/holochain-client-js,62mavi62,2024-03-22 12:05:16 UTC,suspected-activity_cluster
MDEwOlJlcG9zaXRvcnkyNTU0NjA2MTk=,holochain/holochain-client-js,Pars1989,2024-03-08 20:41:32 UTC,suspected-activity_cluster
MDEwOlJlcG9zaXRvcnkyNTU0NjA2MTk=,holochain/holochain-client-js,HC-Supporter,2024-03-11 16:51:03 UTC,suspected-activity_cluster
MDEwOlJlcG9zaXRvcnkyNTU0NjA2MTk=,holochain/holochain-client-js,cengow02,2024-03-06 21:55:22 UTC,suspected-activity_cluster
MDEwOlJlcG9zaXRvcnkyNTU0NjA2MTk=,holochain/holochain-client-js,HozarakHoca,2024-03-09 05:18:51 UTC,suspected-activity_cluster
MDEwOlJlcG9zaXRvcnkyNTU0NjA2MTk=,holochain/holochain-client-js,didem1624,2024-03-09 13:29:43 UTC,suspected-activity_cluster
MDEwOlJlcG9zaXRvcnkyNTU0NjA2MTk=,holochain/holochain-client-js,ozgurn85,2024-03-03 00:01:14 UTC,suspected-activity_cluster
MDEwOlJlcG9zaXRvcnkyNTU0NjA2MTk=,holochain/holochain-client-js,Adnankaya41,2024-03-08 21:35:34 UTC,suspected-activity_cluster
MDEwOlJlcG9zaXRvcnkyNTU0NjA2MTk=,holochain/holochain-client-js,papagan35,2024-03-02 23:09:46 UTC,suspected-activity_cluster
MDEwOlJlcG9zaXRvcnkyNTU0NjA2MTk=,holochain/holochain-client-js,Umitboz,2024-03-08 22:02:16 UTC,suspected-activity_cluster
MDEwOlJlcG9zaXRvcnkyNTU0NjA2MTk=,holochain/holochain-client-js,berkaykaptn,2024-03-08 22:58:42 UTC,suspected-activity_cluster
MDEwOlJlcG9zaXRvcnkyNTU0NjA2MTk=,holochain/holochain-client-js,Yenilmez1617,2024-03-07 07:42:46 UTC,suspected-activity_cluster
MDEwOlJlcG9zaXRvcnkyNTU0NjA2MTk=,holochain/holochain-client-js,feyzullahceylan,2024-03-02 23:05:12 UTC,suspected-activity_cluster
MDEwOlJlcG9zaXRvcnkyNTU0NjA2MTk=,holochain/holochain-client-js,moips20,2024-03-08 12:57:25 UTC,suspected-activity_cluster
MDEwOlJlcG9zaXRvcnkyNTU0NjA2MTk=,holochain/holochain-client-js,TanDeRamos,2024-03-24 07:01:41 UTC,suspected-activity_cluster
MDEwOlJlcG9zaXRvcnkyNTU0NjA2MTk=,holochain/holochain-client-js,Fatihseferoglu,2024-03-14 07:33:18 UTC,suspected-activity_cluster
MDEwOlJlcG9zaXRvcnkyNTU0NjA2MTk=,holochain/holochain-client-js,dailymood,2024-03-08 20:39:55 UTC,suspected-activity_cluster
MDEwOlJlcG9zaXRvcnkyNTU0NjA2MTk=,holochain/holochain-client-js,Hasan3500,2024-03-08 15:12:59 UTC,suspected-activity_cluster
MDEwOlJlcG9zaXRvcnkyNTU0NjA2MTk=,holochain/holochain-client-js,cenkksari,2024-03-07 18:48:17 UTC,suspected-activity_cluster
MDEwOlJlcG9zaXRvcnkyNTU0NjA2MTk=,holochain/holochain-client-js,RcpYldzz,2024-03-22 12:00:20 UTC,suspected-activity_cluster
MDEwOlJlcG9zaXRvcnkyNTU0NjA2MTk=,holochain/holochain-client-js,hsyn8135,2024-03-08 13:31:27 UTC,suspected-activity_cluster
MDEwOlJlcG9zaXRvcnkyNTU0NjA2MTk=,holochain/holochain-client-js,Delimermi,2024-03-08 21:52:48 UTC,suspected-activity_cluster
MDEwOlJlcG9zaXRvcnkyNTU0NjA2MTk=,holochain/holochain-client-js,Matpol01,2024-03-07 16:59:38 UTC,suspected-activity_cluster
MDEwOlJlcG9zaXRvcnkyNTU0NjA2MTk=,holochain/holochain-client-js,Bulmus,2024-03-12 17:53:53 UTC,suspected-activity_cluster
MDEwOlJlcG9zaXRvcnkyNTU0NjA2MTk=,holochain/holochain-client-js,aytcsngz,2022-08-25 22:10:00 UTC,suspected-activity_cluster
MDEwOlJlcG9zaXRvcnkyNTU0NjA2MTk=,holochain/holochain-client-js,Matdkahraman,2024-03-09 09:49:54 UTC,suspected-activity_cluster
MDEwOlJlcG9zaXRvcnkyNTU0NjA2MTk=,holochain/holochain-client-js,HortlaKedi,2024-03-08 21:18:48 UTC,suspected-activity_cluster
MDEwOlJlcG9zaXRvcnkyNTU0NjA2MTk=,holochain/holochain-client-js,sibat13,2024-03-09 18:15:02 UTC,suspected-activity_cluster
MDEwOlJlcG9zaXRvcnkyNTU0NjA2MTk=,holochain/holochain-client-js,Bozkara,2022-08-26 08:32:21 UTC,unknown
MDEwOlJlcG9zaXRvcnkyNTU0NjA2MTk=,holochain/holochain-client-js,barismacit,2024-03-22 12:08:08 UTC,suspected-activity_cluster
MDEwOlJlcG9zaXRvcnkyNTU0NjA2MTk=,holochain/holochain-client-js,muzafferstekin,2024-03-08 21:33:49 UTC,suspected-activity_cluster
MDEwOlJlcG9zaXRvcnkyNTU0NjA2MTk=,holochain/holochain-client-js,SinasiKayalp,2024-03-21 21:21:49 UTC,suspected-activity_cluster
MDEwOlJlcG9zaXRvcnkyNTU0NjA2MTk=,holochain/holochain-client-js,EvrenKaraoglu,2024-03-08 20:28:13 UTC,suspected-activity_cluster
MDEwOlJlcG9zaXRvcnkyNTU0NjA2MTk=,holochain/holochain-client-js,DigitalEdward,2024-03-09 08:26:06 UTC,suspected-activity_cluster
MDEwOlJlcG9zaXRvcnkyNTU0NjA2MTk=,holochain/holochain-client-js,oguzhan34343433,2022-08-26 09:34:49 UTC,suspected-activity_cluster
MDEwOlJlcG9zaXRvcnkyNTU0NjA2MTk=,holochain/holochain-client-js,luey01,2024-03-13 12:29:30 UTC,suspected-activity_cluster
MDEwOlJlcG9zaXRvcnkyNTU0NjA2MTk=,holochain/holochain-client-js,anest06,2022-08-26 07:13:40 UTC,suspected-activity_cluster
MDEwOlJlcG9zaXRvcnkyNTU0NjA2MTk=,holochain/holochain-client-js,Jemhan44,2024-03-09 07:41:29 UTC,suspected-activity_cluster
MDEwOlJlcG9zaXRvcnkyNTU0NjA2MTk=,holochain/holochain-client-js,Camur09,2024-03-12 21:29:26 UTC,suspected-activity_cluster
MDEwOlJlcG9zaXRvcnkyNTU0NjA2MTk=,holochain/holochain-client-js,eagleonureagle,2024-03-08 20:28:25 UTC,suspected-activity_cluster
MDEwOlJlcG9zaXRvcnkyNTU0NjA2MTk=,holochain/holochain-client-js,FsKt19,2024-03-12 16:17:13 UTC,unknown
MDEwOlJlcG9zaXRvcnkyNTU0NjA2MTk=,holochain/holochain-client-js,yatlah,2024-03-22 21:19:52 UTC,suspected-activity_cluster
MDEwOlJlcG9zaXRvcnkyNTU0NjA2MTk=,holochain/holochain-client-js,Dereli54,2024-03-22 12:59:55 UTC,suspected-activity_cluster
MDEwOlJlcG9zaXRvcnkyNTU0NjA2MTk=,holochain/holochain-client-js,femre2323,2024-03-12 14:40:55 UTC,suspected-activity_cluster
MDEwOlJlcG9zaXRvcnkyNTU0NjA2MTk=,holochain/holochain-client-js,Oznfrtt,2024-03-22 13:37:28 UTC,suspected-activity_cluster
MDEwOlJlcG9zaXRvcnkyNTU0NjA2MTk=,holochain/holochain-client-js,Nk2024nk,2024-03-09 06:12:32 UTC,suspected-activity_cluster
MDEwOlJlcG9zaXRvcnkyNTU0NjA2MTk=,holochain/holochain-client-js,DuneDreamhc,2024-03-12 20:16:43 UTC,suspected-activity_cluster
MDEwOlJlcG9zaXRvcnkyNTU0NjA2MTk=,holochain/holochain-client-js,karmati,2024-03-08 21:12:51 UTC,suspected-activity_cluster
MDEwOlJlcG9zaXRvcnkyNTU0NjA2MTk=,holochain/holochain-client-js,rexxar1234,2024-03-08 19:09:29 UTC,suspected-activity_cluster
MDEwOlJlcG9zaXRvcnkyNTU0NjA2MTk=,holochain/holochain-client-js,xeyfo21,2024-03-08 20:30:49 UTC,suspected-activity_cluster
MDEwOlJlcG9zaXRvcnkyNTU0NjA2MTk=,holochain/holochain-client-js,Ysaysa,2024-03-08 13:50:37 UTC,suspected-activity_cluster
MDEwOlJlcG9zaXRvcnkyNTU0NjA2MTk=,holochain/holochain-client-js,Umutlarinaulas,2024-03-08 13:04:50 UTC,suspected-activity_cluster
MDEwOlJlcG9zaXRvcnkyNTU0NjA2MTk=,holochain/holochain-client-js,wolfofforest,2024-03-08 20:36:38 UTC,suspected-activity_cluster
MDEwOlJlcG9zaXRvcnkyNTU0NjA2MTk=,holochain/holochain-client-js,uozcan,2022-08-26 07:02:15 UTC,suspected-activity_cluster
MDEwOlJlcG9zaXRvcnkyNTU0NjA2MTk=,holochain/holochain-client-js,Mindtheatr,2024-03-07 02:37:44 UTC,suspected-activity_cluster
MDEwOlJlcG9zaXRvcnkyNTU0NjA2MTk=,holochain/holochain-client-js,senturkmurat,2024-03-06 21:14:12 UTC,suspected-activity_cluster
MDEwOlJlcG9zaXRvcnkyNTU0NjA2MTk=,holochain/holochain-client-js,Feridunne,2022-08-26 07:11:32 UTC,suspected-activity_cluster
MDEwOlJlcG9zaXRvcnkyNTU0NjA2MTk=,holochain/holochain-client-js,tttturannnn,2024-03-08 22:54:19 UTC,suspected-activity_cluster
MDEwOlJlcG9zaXRvcnkyNTU0NjA2MTk=,holochain/holochain-client-js,Kafpar,2024-03-08 20:25:38 UTC,suspected-activity_cluster
MDEwOlJlcG9zaXRvcnkyNTU0NjA2MTk=,holochain/holochain-client-js,mskjag,2024-03-06 20:04:16 UTC,suspected-activity_cluster
MDEwOlJlcG9zaXRvcnkyNTU0NjA2MTk=,holochain/holochain-client-js,ogabe,2024-03-08 20:41:43 UTC,suspected-activity_cluster
MDEwOlJlcG9zaXRvcnkyNTU0NjA2MTk=,holochain/holochain-client-js,spartakus55,2024-03-09 00:26:44 UTC,suspected-activity_cluster
MDEwOlJlcG9zaXRvcnkyNTU0NjA2MTk=,holochain/holochain-client-js,redici,2024-03-12 16:45:17 UTC,suspected-activity_cluster
MDEwOlJlcG9zaXRvcnkyNTU0NjA2MTk=,holochain/holochain-client-js,alinafiz,2022-08-26 00:05:51 UTC,suspected-activity_cluster
MDEwOlJlcG9zaXRvcnkyNTU0NjA2MTk=,holochain/holochain-client-js,SimonsIV1,2022-01-13 17:43:49 UTC,unknown
MDEwOlJlcG9zaXRvcnkyNTU0NjA2MTk=,holochain/holochain-client-js,greywolf2424,2024-03-11 14:56:36 UTC,suspected-activity_cluster
MDEwOlJlcG9zaXRvcnkyNTU0NjA2MTk=,holochain/holochain-client-js,Ruc2013,2024-03-09 09:35:20 UTC,suspected-activity_cluster
MDEwOlJlcG9zaXRvcnkyNTU0NjA2MTk=,holochain/holochain-client-js,manfass,2024-03-08 21:34:58 UTC,unknown
MDEwOlJlcG9zaXRvcnkyNTU0NjA2MTk=,holochain/holochain-client-js,Octopus-hc,2024-03-08 20:27:56 UTC,suspected-activity_cluster
MDEwOlJlcG9zaXRvcnkyNTU0NjA2MTk=,holochain/holochain-client-js,Utkurtt,2024-03-12 17:44:37 UTC,suspected-activity_cluster
MDEwOlJlcG9zaXRvcnkyNTU0NjA2MTk=,holochain/holochain-client-js,kriptoenerji,2024-03-08 20:33:59 UTC,suspected-activity_cluster
MDEwOlJlcG9zaXRvcnkyNTU0NjA2MTk=,holochain/holochain-client-js,Cvolki,2024-03-13 12:02:04 UTC,suspected-activity_cluster
MDEwOlJlcG9zaXRvcnkyNTU0NjA2MTk=,holochain/holochain-client-js,Naeviuss,2024-03-08 20:17:54 UTC,suspected-activity_cluster
MDEwOlJlcG9zaXRvcnkyNTU0NjA2MTk=,holochain/holochain-client-js,perkamli,2022-08-26 14:33:14 UTC,unknown
MDEwOlJlcG9zaXRvcnkyNTU0NjA2MTk=,holochain/holochain-client-js,Holomenkul,2024-03-12 14:53:06 UTC,suspected-activity_cluster
MDEwOlJlcG9zaXRvcnkyNTU0NjA2MTk=,holochain/holochain-client-js,jakobwinter,2024-03-09 11:57:59 UTC,suspected-activity_cluster
MDEwOlJlcG9zaXRvcnkyNTU0NjA2MTk=,holochain/holochain-client-js,imzan14,2024-03-09 13:40:53 UTC,suspected-activity_cluster
MDEwOlJlcG9zaXRvcnkyNTU0NjA2MTk=,holochain/holochain-client-js,KriptoKolik,2024-03-09 08:45:24 UTC,suspected-activity_cluster
MDEwOlJlcG9zaXRvcnkyNTU0NjA2MTk=,holochain/holochain-client-js,Drustya1,2024-03-09 20:42:36 UTC,suspected-activity_cluster
MDEwOlJlcG9zaXRvcnkyNTU0NjA2MTk=,holochain/holochain-client-js,Schrekt,2024-03-12 01:43:55 UTC,suspected-activity_cluster
MDEwOlJlcG9zaXRvcnkyNTU0NjA2MTk=,holochain/holochain-client-js,javorsky109,2024-03-09 06:41:23 UTC,suspected-activity_cluster
MDEwOlJlcG9zaXRvcnkyNTU0NjA2MTk=,holochain/holochain-client-js,Wryss,2024-03-11 14:45:53 UTC,suspected-activity_cluster
MDEwOlJlcG9zaXRvcnkyNTU0NjA2MTk=,holochain/holochain-client-js,1cvhr1,2024-03-09 05:05:53 UTC,suspected-activity_cluster
MDEwOlJlcG9zaXRvcnkyNTU0NjA2MTk=,holochain/holochain-client-js,bozkir07,2024-03-12 14:41:47 UTC,suspected-activity_cluster
MDEwOlJlcG9zaXRvcnkyNTU0NjA2MTk=,holochain/holochain-client-js,Ayaknos,2024-03-22 18:53:27 UTC,unknown
MDEwOlJlcG9zaXRvcnkyNTU0NjA2MTk=,holochain/holochain-client-js,Abdurrahim45,2024-03-12 14:56:06 UTC,suspected-activity_cluster
MDEwOlJlcG9zaXRvcnkyNTU0NjA2MTk=,holochain/holochain-client-js,Ugurkaya8001,2024-03-08 23:40:50 UTC,suspected-activity_cluster
MDEwOlJlcG9zaXRvcnkyNTU0NjA2MTk=,holochain/holochain-client-js,AdemBozdemir,2022-08-26 00:01:13 UTC,suspected-activity_cluster
MDEwOlJlcG9zaXRvcnkyNTU0NjA2MTk=,holochain/holochain-client-js,Dadaa40,2024-03-08 14:31:00 UTC,suspected-activity_cluster
MDEwOlJlcG9zaXRvcnkyNTU0NjA2MTk=,holochain/holochain-client-js,happy0970,2024-03-08 20:32:33 UTC,suspected-activity_cluster
MDEwOlJlcG9zaXRvcnkyNTU0NjA2MTk=,holochain/holochain-client-js,immortalholo,2024-03-21 22:07:53 UTC,suspected-activity_cluster
MDEwOlJlcG9zaXRvcnkyNTU0NjA2MTk=,holochain/holochain-client-js,ozcanduygu,2024-03-08 14:04:54 UTC,suspected-activity_cluster
MDEwOlJlcG9zaXRvcnkyNTU0NjA2MTk=,holochain/holochain-client-js,Yasinn48,2024-03-07 20:11:17 UTC,suspected-activity_cluster
MDEwOlJlcG9zaXRvcnkyNTU0NjA2MTk=,holochain/holochain-client-js,Mhmmtersoy,2024-03-22 12:04:39 UTC,suspected-activity_cluster
MDEwOlJlcG9zaXRvcnkyNTU0NjA2MTk=,holochain/holochain-client-js,fibotrading48,2024-03-08 21:07:29 UTC,suspected-activity_cluster
MDEwOlJlcG9zaXRvcnkyNTU0NjA2MTk=,holochain/holochain-client-js,Civilens,2024-03-08 13:09:05 UTC,unknown
MDEwOlJlcG9zaXRvcnkyNTU0NjA2MTk=,holochain/holochain-client-js,Brgl37,2024-03-22 15:03:49 UTC,unknown
MDEwOlJlcG9zaXRvcnkyNTU0NjA2MTk=,holochain/holochain-client-js,mahsumclkblk,2024-03-12 15:25:55 UTC,suspected-activity_cluster
MDEwOlJlcG9zaXRvcnkyNTU0NjA2MTk=,holochain/holochain-client-js,frost-scorpio,2024-03-01 07:53:54 UTC,unknown
MDEwOlJlcG9zaXRvcnkyNTU0NjA2MTk=,holochain/holochain-client-js,Kara3434,2024-03-08 20:31:54 UTC,suspected-activity_cluster
MDEwOlJlcG9zaXRvcnkyNTU0NjA2MTk=,holochain/holochain-client-js,Moonlighthot,2024-03-09 11:32:14 UTC,suspected-activity_cluster
MDEwOlJlcG9zaXRvcnkyNTU0NjA2MTk=,holochain/holochain-client-js,Tarsusl,2024-03-09 14:43:54 UTC,suspected-activity_cluster
MDEwOlJlcG9zaXRvcnkyNTU0NjA2MTk=,holochain/holochain-client-js,erdigultekin16,2022-08-26 08:35:29 UTC,suspected-activity_cluster
MDEwOlJlcG9zaXRvcnkyNTU0NjA2MTk=,holochain/holochain-client-js,SonYolcu00,2022-08-25 22:27:33 UTC,suspected-activity_cluster
MDEwOlJlcG9zaXRvcnkyNTU0NjA2MTk=,holochain/holochain-client-js,lesahin,2022-08-26 13:57:06 UTC,suspected-activity_cluster
MDEwOlJlcG9zaXRvcnkyNTU0NjA2MTk=,holochain/holochain-client-js,asjk06,2024-03-08 13:23:58 UTC,suspected-activity_cluster
MDEwOlJlcG9zaXRvcnkyNTU0NjA2MTk=,holochain/holochain-client-js,Mustafademir3,2024-03-21 06:01:26 UTC,unknown
MDEwOlJlcG9zaXRvcnkyNTU0NjA2MTk=,holochain/holochain-client-js,buraksari-sr,2024-03-03 10:51:41 UTC,suspected-activity_cluster
MDEwOlJlcG9zaXRvcnkyNTU0NjA2MTk=,holochain/holochain-client-js,HernanCrespo,2022-08-25 20:52:15 UTC,suspected-activity_cluster
MDEwOlJlcG9zaXRvcnkyNTU0NjA2MTk=,holochain/holochain-client-js,bidost,2024-03-02 23:35:59 UTC,unknown
MDEwOlJlcG9zaXRvcnkyNTU0NjA2MTk=,holochain/holochain-client-js,kroismail,2024-03-21 22:10:30 UTC,suspected-activity_cluster
MDEwOlJlcG9zaXRvcnkyNTU0NjA2MTk=,holochain/holochain-client-js,Gkhanm,2024-03-12 14:42:06 UTC,unknown
MDEwOlJlcG9zaXRvcnkyNTU0NjA2MTk=,holochain/holochain-client-js,adogru,2022-08-25 21:21:32 UTC,suspected-activity_cluster
MDEwOlJlcG9zaXRvcnkyNTU0NjA2MTk=,holochain/holochain-client-js,atabey84,2022-08-25 20:59:07 UTC,suspected-activity_cluster
MDEwOlJlcG9zaXRvcnkyNTU0NjA2MTk=,holochain/holochain-client-js,ismet1986,2024-03-12 15:08:47 UTC,suspected-activity_cluster
MDEwOlJlcG9zaXRvcnkyNTU0NjA2MTk=,holochain/holochain-client-js,Gencanadolu038,2024-03-11 08:36:09 UTC,suspected-activity_cluster
MDEwOlJlcG9zaXRvcnkyNTU0NjA2MTk=,holochain/holochain-client-js,sadettintas,2024-03-08 13:09:44 UTC,unknown
MDEwOlJlcG9zaXRvcnkyNTU0NjA2MTk=,holochain/holochain-client-js,Dellyboy1903,2024-03-12 17:17:25 UTC,suspected-activity_cluster
MDEwOlJlcG9zaXRvcnkyNTU0NjA2MTk=,holochain/holochain-client-js,ephessus,2022-08-25 22:13:50 UTC,suspected-activity_cluster
MDEwOlJlcG9zaXRvcnkyNTU0NjA2MTk=,holochain/holochain-client-js,aicyber4,2024-03-09 02:21:29 UTC,suspected-activity_cluster
MDEwOlJlcG9zaXRvcnkyNTU0NjA2MTk=,holochain/holochain-client-js,Kaankaya1453,2024-03-09 13:30:11 UTC,suspected-activity_cluster
MDEwOlJlcG9zaXRvcnkyNTU0NjA2MTk=,holochain/holochain-client-js,manonn91,2024-03-09 16:28:54 UTC,suspected-activity_cluster
MDEwOlJlcG9zaXRvcnkyNTU0NjA2MTk=,holochain/holochain-client-js,Prometheus7221,2024-03-10 08:27:19 UTC,unknown
MDEwOlJlcG9zaXRvcnkyNTU0NjA2MTk=,holochain/holochain-client-js,aysegunes38,2022-08-26 12:44:08 UTC,unknown
MDEwOlJlcG9zaXRvcnkyNTU0NjA2MTk=,holochain/holochain-client-js,kekkeme,2024-03-12 15:31:50 UTC,unknown
MDEwOlJlcG9zaXRvcnkyNTU0NjA2MTk=,holochain/holochain-client-js,Vuralkrkmz,2022-09-30 09:33:07 UTC,suspected-activity_cluster
MDEwOlJlcG9zaXRvcnkyNTU0NjA2MTk=,holochain/holochain-client-js,burhanbatman,2024-03-03 14:59:27 UTC,unknown
MDEwOlJlcG9zaXRvcnkyNTU0NjA2MTk=,holochain/holochain-client-js,Akimotorakiyu,2022-04-22 17:28:05 UTC,unknown
MDEwOlJlcG9zaXRvcnkyNTU0NjA2MTk=,holochain/holochain-client-js,JvdH-NL,2024-03-10 17:00:43 UTC,unknown
MDEwOlJlcG9zaXRvcnkyNTU0NjA2MTk=,holochain/holochain-client-js,oktaydemirhas,2024-03-02 23:04:48 UTC,unknown
MDEwOlJlcG9zaXRvcnkyNTU0NjA2MTk=,holochain/holochain-client-js,marcjoe,2024-03-01 05:22:08 UTC,unknown
MDEwOlJlcG9zaXRvcnkyNTU0NjA2MTk=,holochain/holochain-client-js,EarthlingJim,2022-09-19 00:37:32 UTC,unknown
MDEwOlJlcG9zaXRvcnkyNTU0NjA2MTk=,holochain/holochain-client-js,icyc9,2023-03-07 14:58:36 UTC,unknown
MDEwOlJlcG9zaXRvcnkyNTU0NjA2MTk=,holochain/holochain-client-js,taophp,2022-09-27 21:08:41 UTC,unknown
MDEwOlJlcG9zaXRvcnkyNTU0NjA2MTk=,holochain/holochain-client-js,alexoceann,2023-12-12 18:58:37 UTC,unknown
MDEwOlJlcG9zaXRvcnkyNTU0NjA2MTk=,holochain/holochain-client-js,q1blue,2022-06-12 21:34:00 UTC,unknown
MDEwOlJlcG9zaXRvcnkyNTU0NjA2MTk=,holochain/holochain-client-js,nicholasaweiner,2023-09-08 19:35:30 UTC,unknown
MDEwOlJlcG9zaXRvcnkyNTU0NjA2MTk=,holochain/holochain-client-js,makeroftools,2024-03-10 04:57:04 UTC,unknown
MDEwOlJlcG9zaXRvcnkyNTU0NjA2MTk=,holochain/holochain-client-js,psytron,2023-07-30 07:34:37 UTC,unknown
MDEwOlJlcG9zaXRvcnkyNTU0NjA2MTk=,holochain/holochain-client-js,rosseyre,2023-09-05 14:56:35 UTC,unknown
MDEwOlJlcG9zaXRvcnkyNTU0NjA2MTk=,holochain/holochain-client-js,U23R,2024-03-10 14:23:39 UTC,unknown
MDEwOlJlcG9zaXRvcnkyNTU0NjA2MTk=,holochain/holochain-client-js,NickWhiu,2022-08-30 10:40:16 UTC,unknown
MDEwOlJlcG9zaXRvcnkyNTU0NjA2MTk=,holochain/holochain-client-js,f13end,2022-01-13 22:48:58 UTC,unknown
MDEwOlJlcG9zaXRvcnkyNTU0NjA2MTk=,holochain/holochain-client-js,WaveWalkerMe,2023-04-26 19:52:35 UTC,unknown
MDEwOlJlcG9zaXRvcnkyNTU0NjA2MTk=,holochain/holochain-client-js,c12i,2024-01-12 11:36:05 UTC,unknown
MDEwOlJlcG9zaXRvcnkyNTU0NjA2MTk=,holochain/holochain-client-js,Soushi888,2023-04-24 03:03:22 UTC,unknown
MDEwOlJlcG9zaXRvcnkyNTU0NjA2MTk=,holochain/holochain-client-js,Vicenzo-Giuseppe,2023-02-10 13:25:19 UTC,unknown
MDEwOlJlcG9zaXRvcnkyNTU0NjA2MTk=,holochain/holochain-client-js,dukejones,2023-01-15 00:19:12 UTC,unknown
MDEwOlJlcG9zaXRvcnkyNTU0NjA2MTk=,holochain/holochain-client-js,Pharserror,2022-09-06 18:48:33 UTC,unknown
MDEwOlJlcG9zaXRvcnkyNTU0NjA2MTk=,holochain/holochain-client-js,amunrarara,2022-04-10 00:58:27 UTC,unknown
MDEwOlJlcG9zaXRvcnkyNTU0NjA2MTk=,holochain/holochain-client-js,joshuavial,2023-03-11 23:23:55 UTC,unknown
MDEwOlJlcG9zaXRvcnkyNTU0NjA2MTk=,holochain/holochain-client-js,semarketir,2023-05-19 20:58:50 UTC,unknown
MDEwOlJlcG9zaXRvcnkyNTU0NjA2MTk=,holochain/holochain-client-js,carlgieringer,2022-05-11 04:22:37 UTC,unknown
MDEwOlJlcG9zaXRvcnk5MjI3NzcwNw==,navikt/nav-frontend-moduler,martineeklund,2021-03-05 09:52:05 UTC,suspected-low_activity
MDEwOlJlcG9zaXRvcnk5MjI3NzcwNw==,navikt/nav-frontend-moduler,OdaSortland,2021-03-23 13:02:41 UTC,unknown
MDEwOlJlcG9zaXRvcnk5MjI3NzcwNw==,navikt/nav-frontend-moduler,HBraaen,2019-08-05 11:52:32 UTC,unknown
MDEwOlJlcG9zaXRvcnk5MjI3NzcwNw==,navikt/nav-frontend-moduler,Andreas242,2019-10-03 08:36:44 UTC,unknown
MDEwOlJlcG9zaXRvcnk5MjI3NzcwNw==,navikt/nav-frontend-moduler,erinther,2020-02-23 18:16:21 UTC,unknown
MDEwOlJlcG9zaXRvcnk5MjI3NzcwNw==,navikt/nav-frontend-moduler,oletjens,2019-09-19 12:05:52 UTC,unknown
MDEwOlJlcG9zaXRvcnk5MjI3NzcwNw==,navikt/nav-frontend-moduler,herrepeder,2021-04-15 08:18:02 UTC,unknown
MDEwOlJlcG9zaXRvcnk5MjI3NzcwNw==,navikt/nav-frontend-moduler,mariannefriess,2019-08-05 11:52:30 UTC,unknown
MDEwOlJlcG9zaXRvcnk5MjI3NzcwNw==,navikt/nav-frontend-moduler,JoergenR,2022-04-20 07:57:27 UTC,unknown
MDEwOlJlcG9zaXRvcnk5MjI3NzcwNw==,navikt/nav-frontend-moduler,SuleBenme,2022-04-01 08:43:19 UTC,unknown
MDEwOlJlcG9zaXRvcnk5MjI3NzcwNw==,navikt/nav-frontend-moduler,chriz001,2022-06-02 07:37:11 UTC,unknown
MDEwOlJlcG9zaXRvcnk5MjI3NzcwNw==,navikt/nav-frontend-moduler,christianme,2019-11-27 14:45:47 UTC,unknown
MDEwOlJlcG9zaXRvcnk5MjI3NzcwNw==,navikt/nav-frontend-moduler,dapoz,2021-04-08 05:13:22 UTC,unknown
MDEwOlJlcG9zaXRvcnk5MjI3NzcwNw==,navikt/nav-frontend-moduler,Phelcl,2021-03-25 12:12:03 UTC,unknown
MDEwOlJlcG9zaXRvcnk5MjI3NzcwNw==,navikt/nav-frontend-moduler,karihamnes,2021-03-25 12:23:12 UTC,unknown
MDEwOlJlcG9zaXRvcnk5MjI3NzcwNw==,navikt/nav-frontend-moduler,finiteattention,2019-10-17 07:40:59 UTC,unknown
MDEwOlJlcG9zaXRvcnk5MjI3NzcwNw==,navikt/nav-frontend-moduler,larseirikhansen,2022-01-21 13:05:13 UTC,unknown
MDEwOlJlcG9zaXRvcnk5MjI3NzcwNw==,navikt/nav-frontend-moduler,odi89,2019-11-29 23:30:10 UTC,unknown
MDEwOlJlcG9zaXRvcnk5MjI3NzcwNw==,navikt/nav-frontend-moduler,Pomdre,2020-09-30 22:09:47 UTC,unknown
MDEwOlJlcG9zaXRvcnk5MjI3NzcwNw==,navikt/nav-frontend-moduler,aasen,2021-01-06 13:21:35 UTC,unknown
MDEwOlJlcG9zaXRvcnk5MjI3NzcwNw==,navikt/nav-frontend-moduler,haraldgroven,2021-01-12 17:08:45 UTC,unknown
MDEwOlJlcG9zaXRvcnk5MjI3NzcwNw==,navikt/nav-frontend-moduler,ertkjern,2020-01-30 07:47:08 UTC,unknown
MDEwOlJlcG9zaXRvcnk5MjI3NzcwNw==,navikt/nav-frontend-moduler,luk-str,2021-02-23 22:45:32 UTC,unknown
MDEwOlJlcG9zaXRvcnk5MjI3NzcwNw==,navikt/nav-frontend-moduler,MatsAnd,2021-01-31 22:31:04 UTC,unknown
MDEwOlJlcG9zaXRvcnk5MjI3NzcwNw==,navikt/nav-frontend-moduler,KenAJoh,2020-07-10 07:47:51 UTC,unknown
MDEwOlJlcG9zaXRvcnk5MjI3NzcwNw==,navikt/nav-frontend-moduler,tanettrimas,2020-05-05 17:24:51 UTC,unknown
MDEwOlJlcG9zaXRvcnk5MjI3NzcwNw==,navikt/nav-frontend-moduler,olejorgenbakken,2021-12-21 14:22:17 UTC,unknown
MDEwOlJlcG9zaXRvcnk5MjI3NzcwNw==,navikt/nav-frontend-moduler,svenanders,2020-09-09 13:25:18 UTC,unknown
MDEwOlJlcG9zaXRvcnk5MjI3NzcwNw==,navikt/nav-frontend-moduler,arkadiy93,2020-05-29 06:08:43 UTC,unknown
MDEwOlJlcG9zaXRvcnk5MjI3NzcwNw==,navikt/nav-frontend-moduler,ejgal,2021-01-19 09:58:35 UTC,unknown
MDEwOlJlcG9zaXRvcnk5MjI3NzcwNw==,navikt/nav-frontend-moduler,holthe-tveit,2021-12-15 20:56:12 UTC,unknown
MDEwOlJlcG9zaXRvcnk5MjI3NzcwNw==,navikt/nav-frontend-moduler,fjukstad,2021-04-03 15:57:15 UTC,unknown
MDEwOlJlcG9zaXRvcnk5MjI3NzcwNw==,navikt/nav-frontend-moduler,ksolberg,2019-11-27 14:48:30 UTC,unknown
MDEwOlJlcG9zaXRvcnk5MjI3NzcwNw==,navikt/nav-frontend-moduler,aulonm,2021-01-08 09:07:16 UTC,unknown
