repo,month,n_stars,n_clustered_stars
1c7/chinese-independent-developer,2019-07,106,0
1c7/chinese-independent-developer,2019-08,50,0
1c7/chinese-independent-developer,2019-09,52,0
1c7/chinese-independent-developer,2019-10,72,0
1c7/chinese-independent-developer,2019-11,85,0
1c7/chinese-independent-developer,2019-12,111,0
1c7/chinese-independent-developer,2020-01,4,0
2dust/v2rayN,2019-07,146,0
2dust/v2rayN,2019-08,184,0
2dust/v2rayN,2019-09,398,0
2dust/v2rayN,2019-10,381,0
2dust/v2rayN,2019-11,402,0
2dust/v2rayN,2019-12,302,0
2dust/v2rayN,2020-01,9,0
2dust/v2rayNG,2019-07,60,0
2dust/v2rayNG,2019-08,71,0
2dust/v2rayNG,2019-09,208,0
2dust/v2rayNG,2019-10,199,0
2dust/v2rayNG,2019-11,147,0
2dust/v2rayNG,2019-12,130,0
2dust/v2rayNG,2020-01,2,0
4ian/GDevelop,2019-07,48,0
4ian/GDevelop,2019-08,26,0
4ian/GDevelop,2019-09,14,0
4ian/GDevelop,2019-10,26,0
4ian/GDevelop,2019-11,18,0
4ian/GDevelop,2019-12,26,0
521xueweihan/HelloGitHub,2019-07,206,0
521xueweihan/HelloGitHub,2019-08,345,0
521xueweihan/HelloGitHub,2019-09,209,0
521xueweihan/HelloGitHub,2019-10,254,0
521xueweihan/HelloGitHub,2019-11,666,0
521xueweihan/HelloGitHub,2019-12,1906,0
521xueweihan/HelloGitHub,2020-01,11,0
ACL4SSR/ACL4SSR,2019-07,41,0
ACL4SSR/ACL4SSR,2019-08,59,0
ACL4SSR/ACL4SSR,2019-09,38,0
ACL4SSR/ACL4SSR,2019-10,54,0
ACL4SSR/ACL4SSR,2019-11,57,0
ACL4SSR/ACL4SSR,2019-12,63,0
ACL4SSR/ACL4SSR,2020-01,5,0
Adamant-im/adamant,2019-08,12,0
Adamant-im/adamant,2019-09,10,0
Adamant-im/adamant,2019-10,6,0
Adamant-im/adamant,2019-11,5,0
Adamant-im/adamant,2019-12,3,0
Adamant-im/adamant-exchangebot,2019-09,1,0
Adamant-im/adamant-im,2019-09,1,0
Adamant-im/adamant-im,2019-12,1,0
Alexays/Waybar,2019-07,18,0
Alexays/Waybar,2019-08,17,0
Alexays/Waybar,2019-09,17,0
Alexays/Waybar,2019-10,9,0
Alexays/Waybar,2019-11,16,0
Alexays/Waybar,2019-12,10,0
AlfredXiangWu/LightCNN,2019-07,6,0
AlfredXiangWu/LightCNN,2019-08,6,0
AlfredXiangWu/LightCNN,2019-09,1,0
AlfredXiangWu/LightCNN,2019-10,11,0
AlfredXiangWu/LightCNN,2019-11,6,0
Alvin9999/new-pac,2019-07,297,0
Alvin9999/new-pac,2019-08,343,0
Alvin9999/new-pac,2019-09,546,0
Alvin9999/new-pac,2019-10,471,0
Alvin9999/new-pac,2019-11,394,0
Alvin9999/new-pac,2019-12,283,0
Alvin9999/new-pac,2020-01,10,0
AobingJava/JavaFamily,2019-11,934,0
AobingJava/JavaFamily,2019-12,770,0
AobingJava/JavaFamily,2020-01,10,0
Asabeneh/30-Days-Of-Python,2019-11,6,0
Asabeneh/30-Days-Of-Python,2019-12,141,0
Asabeneh/30-Days-Of-Python,2020-01,3,0
Avik-Jain/100-Days-Of-ML-Code,2019-07,336,0
Avik-Jain/100-Days-Of-ML-Code,2019-08,308,0
Avik-Jain/100-Days-Of-ML-Code,2019-09,335,0
Avik-Jain/100-Days-Of-ML-Code,2019-10,197,0
Avik-Jain/100-Days-Of-ML-Code,2019-11,109,0
Avik-Jain/100-Days-Of-ML-Code,2019-12,143,0
Avik-Jain/100-Days-Of-ML-Code,2020-01,7,0
Bitcoin-ABC/bitcoin-abc,2019-07,3,0
Bitcoin-ABC/bitcoin-abc,2019-08,1,0
Bitcoin-ABC/bitcoin-abc,2019-09,2,0
Bitcoin-ABC/bitcoin-abc,2019-10,5,0
Bitcoin-ABC/bitcoin-abc,2019-11,4,0
Bitcoin-ABC/bitcoin-abc,2019-12,5,0
CISOfy/lynis,2019-07,40,0
CISOfy/lynis,2019-08,27,0
CISOfy/lynis,2019-09,27,0
CISOfy/lynis,2019-10,31,0
CISOfy/lynis,2019-11,21,0
CISOfy/lynis,2019-12,19,0
CISOfy/lynis,2020-01,1,0
CangShui/CloudflareCustomPages,2019-09,1,0
CangShui/CloudflareCustomPages,2019-12,1,0
CyC2018/CS-Notes,2019-07,1565,0
CyC2018/CS-Notes,2019-08,1115,0
CyC2018/CS-Notes,2019-09,1295,0
CyC2018/CS-Notes,2019-10,1108,0
CyC2018/CS-Notes,2019-11,981,0
CyC2018/CS-Notes,2019-12,1105,0
CyC2018/CS-Notes,2020-01,20,0
DominicMaas/TimelineExtension,2019-07,2,0
DominicMaas/TimelineExtension,2019-09,2,0
DominicMaas/TimelineExtension,2019-12,1,0
DovAmir/awesome-design-patterns,2019-07,43,0
DovAmir/awesome-design-patterns,2019-08,57,0
DovAmir/awesome-design-patterns,2019-09,45,0
DovAmir/awesome-design-patterns,2019-10,39,0
DovAmir/awesome-design-patterns,2019-11,42,0
DovAmir/awesome-design-patterns,2019-12,58,0
DovAmir/awesome-design-patterns,2020-01,3,0
EbookFoundation/free-programming-books,2019-07,623,0
EbookFoundation/free-programming-books,2019-08,547,0
EbookFoundation/free-programming-books,2019-09,680,0
EbookFoundation/free-programming-books,2019-10,463,0
EbookFoundation/free-programming-books,2019-11,850,0
EbookFoundation/free-programming-books,2019-12,678,0
EbookFoundation/free-programming-books,2020-01,13,0
Exrick/xmall,2019-07,41,0
Exrick/xmall,2019-08,66,0
Exrick/xmall,2019-09,36,0
Exrick/xmall,2019-10,38,0
Exrick/xmall,2019-11,49,0
Exrick/xmall,2019-12,57,0
Foair/course-crawler,2019-07,12,0
Foair/course-crawler,2019-08,6,0
Foair/course-crawler,2019-09,5,0
Foair/course-crawler,2019-10,4,0
Foair/course-crawler,2019-11,8,0
Foair/course-crawler,2019-12,5,0
FreeTubeApp/FreeTube,2019-07,13,0
FreeTubeApp/FreeTube,2019-08,20,0
FreeTubeApp/FreeTube,2019-09,12,0
FreeTubeApp/FreeTube,2019-10,14,0
FreeTubeApp/FreeTube,2019-11,23,0
FreeTubeApp/FreeTube,2019-12,14,0
FreeTubeApp/FreeTube,2020-01,3,0
GitHubDaily/GitHubDaily,2019-07,231,0
GitHubDaily/GitHubDaily,2019-08,59,0
GitHubDaily/GitHubDaily,2019-09,58,0
GitHubDaily/GitHubDaily,2019-10,28,0
GitHubDaily/GitHubDaily,2019-11,34,0
GitHubDaily/GitHubDaily,2019-12,91,0
GitHubDaily/GitHubDaily,2020-01,39,0
HabitRPG/habitica,2019-07,28,0
HabitRPG/habitica,2019-08,49,0
HabitRPG/habitica,2019-09,36,0
HabitRPG/habitica,2019-10,27,0
HabitRPG/habitica,2019-11,28,0
HabitRPG/habitica,2019-12,22,0
HabitRPG/habitica,2020-01,1,0
Hack-with-Github/Awesome-Hacking,2019-07,192,0
Hack-with-Github/Awesome-Hacking,2019-08,212,0
Hack-with-Github/Awesome-Hacking,2019-09,192,0
Hack-with-Github/Awesome-Hacking,2019-10,204,0
Hack-with-Github/Awesome-Hacking,2019-11,252,0
Hack-with-Github/Awesome-Hacking,2019-12,711,0
Hack-with-Github/Awesome-Hacking,2020-01,8,0
Holo-Host/hpos-config,2019-12,1,0
IammyselfYBX/NCEPU_CS_course,2019-11,2,0
ImageOptim/gifski,2019-07,12,0
ImageOptim/gifski,2019-08,26,0
ImageOptim/gifski,2019-09,25,0
ImageOptim/gifski,2019-10,22,0
ImageOptim/gifski,2019-11,13,0
ImageOptim/gifski,2019-12,6,0
ImageOptim/gifski,2020-01,2,0
LesterCovax/crypto-sheets,2019-10,1,0
Mantle/Mantle,2019-07,6,0
Mantle/Mantle,2019-08,7,0
Mantle/Mantle,2019-09,7,0
Mantle/Mantle,2019-10,4,0
Mantle/Mantle,2019-11,6,0
Mantle/Mantle,2019-12,7,0
MetaMask/faq,2019-07,3,0
MetaMask/faq,2019-08,3,0
MetaMask/faq,2019-09,5,0
MetaMask/faq,2019-10,4,0
MetaMask/faq,2019-11,4,0
MetaMask/faq,2019-12,6,0
MetaMask/metamask-docs,2019-07,2,0
MetaMask/metamask-docs,2019-08,2,0
MetaMask/metamask-docs,2019-10,1,0
MunGell/awesome-for-beginners,2019-07,173,0
MunGell/awesome-for-beginners,2019-08,176,0
MunGell/awesome-for-beginners,2019-09,267,0
MunGell/awesome-for-beginners,2019-10,443,0
MunGell/awesome-for-beginners,2019-11,206,0
MunGell/awesome-for-beginners,2019-12,188,0
MunGell/awesome-for-beginners,2020-01,3,0
NixOS/nixpkgs,2019-07,40,0
NixOS/nixpkgs,2019-08,46,0
NixOS/nixpkgs,2019-09,44,0
NixOS/nixpkgs,2019-10,38,0
NixOS/nixpkgs,2019-11,44,0
NixOS/nixpkgs,2019-12,33,0
NixOS/nixpkgs,2020-01,2,0
OpenRefine/OpenRefine,2019-07,32,0
OpenRefine/OpenRefine,2019-08,32,0
OpenRefine/OpenRefine,2019-09,35,0
OpenRefine/OpenRefine,2019-10,33,0
OpenRefine/OpenRefine,2019-11,28,0
OpenRefine/OpenRefine,2019-12,22,0
OpenRefine/OpenRefine,2020-01,1,0
Overcoat/Overcoat,2019-07,1,0
Overcoat/Overcoat,2019-11,1,0
ParadeTo/vue-tree-list,2019-07,5,0
ParadeTo/vue-tree-list,2019-08,4,0
ParadeTo/vue-tree-list,2019-09,2,0
ParadeTo/vue-tree-list,2019-12,4,0
PowerShell/PowerShell,2019-07,213,0
PowerShell/PowerShell,2019-08,171,0
PowerShell/PowerShell,2019-09,180,0
PowerShell/PowerShell,2019-10,182,0
PowerShell/PowerShell,2019-11,127,0
PowerShell/PowerShell,2019-12,136,0
PowerShell/PowerShell,2020-01,4,0
Romain-P/Guinness-Bot,2019-11,4,0
Ryujinx/Ryujinx,2019-07,12,0
Ryujinx/Ryujinx,2019-08,15,0
Ryujinx/Ryujinx,2019-09,12,0
Ryujinx/Ryujinx,2019-10,12,0
Ryujinx/Ryujinx,2019-11,19,0
Ryujinx/Ryujinx,2019-12,14,0
SlimeKnights/Mantle,2019-07,2,0
SlimeKnights/Mantle,2019-08,1,0
SlimeKnights/Mantle,2019-11,1,0
Smartproxy/Smartproxy,2019-07,6,0
Smartproxy/Smartproxy,2019-08,3,0
Smartproxy/Smartproxy,2019-09,3,0
Smartproxy/Smartproxy,2019-11,1,0
Smartproxy/Smartproxy,2019-12,1,0
Snailclimb/JavaGuide,2019-07,1551,0
Snailclimb/JavaGuide,2019-08,1169,0
Snailclimb/JavaGuide,2019-09,1368,0
Snailclimb/JavaGuide,2019-10,1229,0
Snailclimb/JavaGuide,2019-11,1583,0
Snailclimb/JavaGuide,2019-12,1300,0
Snailclimb/JavaGuide,2020-01,21,0
Solido/awesome-flutter,2019-07,481,0
Solido/awesome-flutter,2019-08,340,0
Solido/awesome-flutter,2019-09,328,0
Solido/awesome-flutter,2019-10,301,0
Solido/awesome-flutter,2019-11,270,0
Solido/awesome-flutter,2019-12,330,0
Solido/awesome-flutter,2020-01,5,0
SuperTux/supertux,2019-07,3,0
SuperTux/supertux,2019-08,2,0
SuperTux/supertux,2019-09,2,0
SuperTux/supertux,2019-10,4,0
SuperTux/supertux,2019-11,2,0
SuperTux/supertux,2019-12,10,0
Sylius/Sylius,2019-07,26,0
Sylius/Sylius,2019-08,14,0
Sylius/Sylius,2019-09,18,0
Sylius/Sylius,2019-10,23,0
Sylius/Sylius,2019-11,16,0
Sylius/Sylius,2019-12,18,0
TheAlgorithms/Java,2019-07,335,0
TheAlgorithms/Java,2019-08,201,0
TheAlgorithms/Java,2019-09,256,0
TheAlgorithms/Java,2019-10,490,0
TheAlgorithms/Java,2019-11,609,0
TheAlgorithms/Java,2019-12,284,0
TheAlgorithms/Java,2020-01,7,0
TheAlgorithms/Python,2019-07,1711,0
TheAlgorithms/Python,2019-08,684,0
TheAlgorithms/Python,2019-09,1543,0
TheAlgorithms/Python,2019-10,1005,0
TheAlgorithms/Python,2019-11,975,0
TheAlgorithms/Python,2019-12,791,0
TheAlgorithms/Python,2020-01,11,0
TheAlgorithms/Rust,2019-07,14,0
TheAlgorithms/Rust,2019-08,14,0
TheAlgorithms/Rust,2019-09,29,0
TheAlgorithms/Rust,2019-10,16,0
TheAlgorithms/Rust,2019-11,18,0
TheAlgorithms/Rust,2019-12,22,0
TheAnig/NER-LSTM-CNN-Pytorch,2019-08,1,0
TooTallNate/plist.js,2019-07,1,0
TooTallNate/plist.js,2019-08,1,0
TooTallNate/plist.js,2019-10,1,0
TooTallNate/plist.js,2019-11,1,0
TooTallNate/plist.js,2019-12,2,0
Y2Z/monolith,2019-08,784,0
Y2Z/monolith,2019-09,160,0
Y2Z/monolith,2019-10,41,0
Y2Z/monolith,2019-11,16,0
Y2Z/monolith,2019-12,100,0
Y2Z/monolith,2020-01,1,0
YerongAI/Office-Tool,2019-07,44,0
YerongAI/Office-Tool,2019-08,25,0
YerongAI/Office-Tool,2019-09,15,0
YerongAI/Office-Tool,2019-10,18,0
YerongAI/Office-Tool,2019-11,25,0
YerongAI/Office-Tool,2019-12,28,0
YerongAI/Office-Tool,2020-01,1,0
academic/awesome-datascience,2019-08,60,0
academic/awesome-datascience,2019-09,72,0
academic/awesome-datascience,2019-10,56,0
academic/awesome-datascience,2019-11,40,0
academic/awesome-datascience,2019-12,48,0
addyosmani/essential-js-design-patterns,2019-07,4,0
addyosmani/essential-js-design-patterns,2019-08,10,0
addyosmani/essential-js-design-patterns,2019-09,7,0
addyosmani/essential-js-design-patterns,2019-10,11,0
addyosmani/essential-js-design-patterns,2019-11,8,0
addyosmani/essential-js-design-patterns,2019-12,6,0
agalwood/Motrix,2019-07,289,0
agalwood/Motrix,2019-08,262,0
agalwood/Motrix,2019-09,195,0
agalwood/Motrix,2019-10,261,0
agalwood/Motrix,2019-11,251,0
agalwood/Motrix,2019-12,620,0
agalwood/Motrix,2020-01,17,0
airbnb/javascript,2019-07,442,0
airbnb/javascript,2019-08,384,0
airbnb/javascript,2019-09,322,0
airbnb/javascript,2019-10,347,0
airbnb/javascript,2019-11,313,0
airbnb/javascript,2019-12,300,0
airbnb/javascript,2020-01,3,0
alebcay/awesome-shell,2019-07,114,0
alebcay/awesome-shell,2019-08,113,0
alebcay/awesome-shell,2019-09,86,0
alebcay/awesome-shell,2019-10,104,0
alebcay/awesome-shell,2019-11,94,0
alebcay/awesome-shell,2019-12,99,0
alebcay/awesome-shell,2020-01,1,0
alex/what-happens-when,2019-07,88,0
alex/what-happens-when,2019-08,67,0
alex/what-happens-when,2019-09,94,0
alex/what-happens-when,2019-10,63,0
alex/what-happens-when,2019-11,82,0
alex/what-happens-when,2019-12,43,0
alpinejs/alpine,2019-12,172,0
alpinejs/alpine,2020-01,2,0
android/architecture-components-samples,2019-09,15,0
android/architecture-components-samples,2019-10,117,0
android/architecture-components-samples,2019-11,122,0
android/architecture-components-samples,2019-12,108,0
android/architecture-components-samples,2020-01,3,0
android/architecture-samples,2019-09,28,0
android/architecture-samples,2019-10,154,0
android/architecture-samples,2019-11,130,0
android/architecture-samples,2019-12,118,0
android/compose-samples,2019-09,5,0
android/compose-samples,2019-10,122,0
android/compose-samples,2019-11,101,0
android/compose-samples,2019-12,52,0
android/sunflower,2019-09,23,0
android/sunflower,2019-10,145,0
android/sunflower,2019-11,132,0
android/sunflower,2019-12,105,0
angular/angular,2019-07,330,0
angular/angular,2019-08,385,0
angular/angular,2019-09,570,0
angular/angular,2019-10,510,0
angular/angular,2019-11,502,0
angular/angular,2019-12,463,0
angular/angular,2020-01,13,0
ankane/blind_index,2019-07,1,0
ankane/blind_index,2019-08,2,0
ankane/blind_index,2019-09,2,0
ankane/blind_index,2019-10,2,0
ankane/blind_index,2019-11,1,0
ankane/blind_index,2019-12,3,0
ant-design/ant-design,2019-07,629,0
ant-design/ant-design,2019-08,504,0
ant-design/ant-design,2019-09,412,0
ant-design/ant-design,2019-10,450,0
ant-design/ant-design,2019-11,381,0
ant-design/ant-design,2019-12,380,0
ant-design/ant-design,2020-01,6,0
anu0012/awesome-computer-science-opportunities,2019-07,10,0
anu0012/awesome-computer-science-opportunities,2019-08,6,0
anu0012/awesome-computer-science-opportunities,2019-09,8,0
anu0012/awesome-computer-science-opportunities,2019-10,24,0
anu0012/awesome-computer-science-opportunities,2019-11,11,0
anu0012/awesome-computer-science-opportunities,2019-12,18,0
apple/swift,2019-07,150,0
apple/swift,2019-08,146,0
apple/swift,2019-09,125,0
apple/swift,2019-10,136,0
apple/swift,2019-11,169,0
apple/swift,2019-12,123,0
apple/swift,2020-01,3,0
appwrite/appwrite,2019-07,1,0
appwrite/appwrite,2019-08,17,0
appwrite/appwrite,2019-09,301,0
appwrite/appwrite,2019-10,304,0
appwrite/appwrite,2019-11,31,0
appwrite/appwrite,2019-12,54,0
arendst/Tasmota,2019-10,31,0
arendst/Tasmota,2019-11,136,0
arendst/Tasmota,2019-12,178,0
arendst/Tasmota,2020-01,1,0
avelino/awesome-go,2019-07,380,0
avelino/awesome-go,2019-08,370,0
avelino/awesome-go,2019-09,346,0
avelino/awesome-go,2019-10,325,0
avelino/awesome-go,2019-11,323,0
avelino/awesome-go,2019-12,352,0
avelino/awesome-go,2020-01,15,0
awesome-selfhosted/awesome-selfhosted,2019-10,318,0
awesome-selfhosted/awesome-selfhosted,2019-11,371,0
awesome-selfhosted/awesome-selfhosted,2019-12,566,0
awesome-selfhosted/awesome-selfhosted,2020-01,7,0
backlion/hack-for-tools,2019-07,1,0
backlion/hack-for-tools,2019-08,1,0
backlion/hack-for-tools,2019-10,5,0
backlion/hack-for-tools,2019-11,2,0
backlion/hack-for-tools,2019-12,1,0
bagisto/bagisto,2019-07,50,0
bagisto/bagisto,2019-08,56,0
bagisto/bagisto,2019-09,35,0
bagisto/bagisto,2019-10,26,0
bagisto/bagisto,2019-11,34,0
bagisto/bagisto,2019-12,37,0
bannedbook/fanqiang,2019-07,276,0
bannedbook/fanqiang,2019-08,200,0
bannedbook/fanqiang,2019-09,226,0
bannedbook/fanqiang,2019-10,233,0
bannedbook/fanqiang,2019-11,363,0
bannedbook/fanqiang,2019-12,174,0
bannedbook/fanqiang,2020-01,4,0
barry-ran/QtScrcpy,2019-07,52,0
barry-ran/QtScrcpy,2019-08,54,0
barry-ran/QtScrcpy,2019-09,19,0
barry-ran/QtScrcpy,2019-10,240,0
barry-ran/QtScrcpy,2019-11,36,0
barry-ran/QtScrcpy,2019-12,27,0
biancangming/wtv,2019-11,230,0
biancangming/wtv,2019-12,26,0
biancangming/wtv,2020-01,2,0
binhnguyennus/awesome-scalability,2019-07,167,0
binhnguyennus/awesome-scalability,2019-08,279,0
binhnguyennus/awesome-scalability,2019-09,149,0
binhnguyennus/awesome-scalability,2019-10,152,0
binhnguyennus/awesome-scalability,2019-11,112,0
binhnguyennus/awesome-scalability,2019-12,116,0
binhnguyennus/awesome-scalability,2020-01,1,0
bitcoin/bips,2019-07,35,0
bitcoin/bips,2019-08,27,0
bitcoin/bips,2019-09,24,0
bitcoin/bips,2019-10,26,0
bitcoin/bips,2019-11,20,0
bitcoin/bips,2019-12,19,0
bitcoin/bitcoin,2019-07,241,0
bitcoin/bitcoin,2019-08,174,0
bitcoin/bitcoin,2019-09,185,0
bitcoin/bitcoin,2019-10,205,0
bitcoin/bitcoin,2019-11,256,0
bitcoin/bitcoin,2019-12,164,0
bitcoin/bitcoin,2020-01,2,0
bitcoinbook/bitcoinbook,2019-07,50,0
bitcoinbook/bitcoinbook,2019-08,58,0
bitcoinbook/bitcoinbook,2019-09,45,0
bitcoinbook/bitcoinbook,2019-10,105,0
bitcoinbook/bitcoinbook,2019-11,62,0
bitcoinbook/bitcoinbook,2019-12,54,0
bitcoinbook/bitcoinbook,2020-01,2,0
bitcoinj/bitcoinj,2019-07,11,0
bitcoinj/bitcoinj,2019-08,13,0
bitcoinj/bitcoinj,2019-09,11,0
bitcoinj/bitcoinj,2019-10,21,0
bitcoinj/bitcoinj,2019-11,20,0
bitcoinj/bitcoinj,2019-12,17,0
blinker-iot/blinker-js,2019-10,1,0
blinker-iot/blinker-js,2019-12,1,0
blinker-iot/blinker-library,2019-07,6,0
blinker-iot/blinker-library,2019-08,6,0
blinker-iot/blinker-library,2019-09,2,0
blinker-iot/blinker-library,2019-10,3,0
blinker-iot/blinker-library,2019-11,7,0
blinker-iot/blinker-library,2019-12,10,0
blinker-iot/blinker-py,2019-08,1,0
blinker-iot/blinker-py,2019-10,1,0
blinker-iot/blinker-py,2019-11,1,0
brillout/awesome-react-components,2019-07,158,0
brillout/awesome-react-components,2019-08,156,0
brillout/awesome-react-components,2019-09,164,0
brillout/awesome-react-components,2019-10,167,0
brillout/awesome-react-components,2019-11,175,0
brillout/awesome-react-components,2019-12,150,0
brillout/awesome-react-components,2020-01,2,0
btcsuite/btcd,2019-07,17,0
btcsuite/btcd,2019-08,18,0
btcsuite/btcd,2019-09,14,0
btcsuite/btcd,2019-10,18,0
btcsuite/btcd,2019-11,22,0
btcsuite/btcd,2019-12,17,0
bytecodealliance/wasmtime,2019-11,143,0
bytecodealliance/wasmtime,2019-12,102,0
bytecodealliance/wasmtime,2020-01,3,0
cambecc/earth,2019-07,17,0
cambecc/earth,2019-08,19,0
cambecc/earth,2019-09,19,0
cambecc/earth,2019-10,17,0
cambecc/earth,2019-11,17,0
cambecc/earth,2019-12,19,0
charlax/engineering-management,2019-07,8,0
charlax/engineering-management,2019-08,21,0
charlax/engineering-management,2019-09,32,0
charlax/engineering-management,2019-10,12,0
charlax/engineering-management,2019-11,16,0
charlax/engineering-management,2019-12,40,0
charlax/engineering-management,2020-01,1,0
charlax/professional-programming,2019-07,45,0
charlax/professional-programming,2019-08,36,0
charlax/professional-programming,2019-09,77,0
charlax/professional-programming,2019-10,40,0
charlax/professional-programming,2019-11,44,0
charlax/professional-programming,2019-12,15,0
chensheng/wechatty-project,2019-09,1,0
chensheng/wechatty-project,2019-10,1,0
cirosantilli/china-dictatorship,2019-07,1,0
cirosantilli/china-dictatorship,2019-08,2,0
cirosantilli/china-dictatorship,2019-09,9,0
cirosantilli/china-dictatorship,2019-10,5,0
cirosantilli/china-dictatorship,2019-11,4,0
cirosantilli/china-dictatorship,2019-12,1,0
clue/graph-composer,2019-07,5,0
clue/graph-composer,2019-08,2,0
clue/graph-composer,2019-09,1,0
clue/graph-composer,2019-10,2,0
clue/graph-composer,2019-11,3,0
clue/graph-composer,2019-12,5,0
codef0rmer/angular-dragdrop,2019-07,3,0
codef0rmer/angular-dragdrop,2019-08,1,0
codef0rmer/angular-dragdrop,2019-10,1,0
codef0rmer/angular-dragdrop,2019-11,1,0
coells/100days,2019-07,24,0
coells/100days,2019-08,12,0
coells/100days,2019-09,17,0
coells/100days,2019-10,19,0
coells/100days,2019-11,13,0
coells/100days,2019-12,13,0
collabnix/dockerlabs,2019-07,10,0
collabnix/dockerlabs,2019-08,17,0
collabnix/dockerlabs,2019-09,10,0
collabnix/dockerlabs,2019-10,16,0
collabnix/dockerlabs,2019-11,34,0
collabnix/dockerlabs,2019-12,21,0
collabnix/dockerlabs,2020-01,3,0
coreos/mantle,2019-07,2,0
coreybutler/nvm-windows,2019-07,123,0
coreybutler/nvm-windows,2019-08,117,0
coreybutler/nvm-windows,2019-09,115,0
coreybutler/nvm-windows,2019-10,108,0
coreybutler/nvm-windows,2019-11,113,0
coreybutler/nvm-windows,2019-12,111,0
coreybutler/nvm-windows,2020-01,4,0
d2l-ai/d2l-zh,2019-07,364,0
d2l-ai/d2l-zh,2019-08,116,0
d2l-ai/d2l-zh,2019-09,815,0
d2l-ai/d2l-zh,2019-10,444,0
d2l-ai/d2l-zh,2019-11,222,0
d2l-ai/d2l-zh,2019-12,220,0
d2l-ai/d2l-zh,2020-01,11,0
d3/d3,2019-07,325,0
d3/d3,2019-08,281,0
d3/d3,2019-09,284,0
d3/d3,2019-10,243,0
d3/d3,2019-11,236,0
d3/d3,2019-12,218,0
d3/d3,2020-01,5,0
dalance/amber,2019-07,1,0
dalance/amber,2019-08,1,0
dalance/amber,2019-09,2,0
dalance/amber,2019-10,14,0
dalance/amber,2019-12,1,0
danielpclark/rutie,2019-07,2,0
danielpclark/rutie,2019-08,4,0
danielpclark/rutie,2019-09,1,0
danielpclark/rutie,2019-10,6,0
danielpclark/rutie,2019-11,2,0
danielpclark/rutie,2019-12,6,0
dannnylo/rtesseract,2019-07,3,0
dannnylo/rtesseract,2019-08,2,0
dannnylo/rtesseract,2019-09,1,0
dannnylo/rtesseract,2019-10,6,0
dannnylo/rtesseract,2019-11,2,0
dannnylo/rtesseract,2019-12,3,0
django/django,2019-07,279,0
django/django,2019-08,282,0
django/django,2019-09,274,0
django/django,2019-10,249,0
django/django,2019-11,245,0
django/django,2019-12,284,0
django/django,2020-01,4,0
dkhamsing/open-source-ios-apps,2019-07,100,0
dkhamsing/open-source-ios-apps,2019-08,137,0
dkhamsing/open-source-ios-apps,2019-09,78,0
dkhamsing/open-source-ios-apps,2019-10,82,0
dkhamsing/open-source-ios-apps,2019-11,104,0
dkhamsing/open-source-ios-apps,2019-12,101,0
dkhamsing/open-source-ios-apps,2020-01,1,0
doctrine/orm,2019-07,30,0
doctrine/orm,2019-08,52,0
doctrine/orm,2019-09,30,0
doctrine/orm,2019-10,54,0
doctrine/orm,2019-11,50,0
doctrine/orm,2019-12,45,0
dodola/WeexOne,2019-09,1,0
dodola/WeexOne,2019-10,2,0
dodola/WeexOne,2019-12,1,0
doitsujin/dxvk,2019-07,40,0
doitsujin/dxvk,2019-08,25,0
doitsujin/dxvk,2019-09,36,0
doitsujin/dxvk,2019-10,26,0
doitsujin/dxvk,2019-11,48,0
doitsujin/dxvk,2019-12,67,0
doitsujin/dxvk,2020-01,2,0
donnemartin/data-science-ipython-notebooks,2019-07,73,0
donnemartin/data-science-ipython-notebooks,2019-08,58,0
donnemartin/data-science-ipython-notebooks,2019-09,224,0
donnemartin/data-science-ipython-notebooks,2019-10,200,0
donnemartin/data-science-ipython-notebooks,2019-11,77,0
donnemartin/data-science-ipython-notebooks,2019-12,53,0
donnemartin/data-science-ipython-notebooks,2020-01,1,0
donnemartin/system-design-primer,2019-07,668,0
donnemartin/system-design-primer,2019-08,817,0
donnemartin/system-design-primer,2019-09,702,0
donnemartin/system-design-primer,2019-10,614,0
donnemartin/system-design-primer,2019-11,674,0
donnemartin/system-design-primer,2019-12,761,0
donnemartin/system-design-primer,2020-01,15,0
doocs/advanced-java,2019-07,1271,0
doocs/advanced-java,2019-08,668,0
doocs/advanced-java,2019-09,1019,0
doocs/advanced-java,2019-10,613,0
doocs/advanced-java,2019-11,610,0
doocs/advanced-java,2019-12,843,0
doocs/advanced-java,2020-01,10,0
doocs/leetcode,2019-07,9,0
doocs/leetcode,2019-08,7,0
doocs/leetcode,2019-09,13,0
doocs/leetcode,2019-10,8,0
doocs/leetcode,2019-11,6,0
doocs/leetcode,2019-12,7,0
doocs/source-code-hunter,2019-10,1,0
doocs/source-code-hunter,2019-11,3,0
doocs/source-code-hunter,2019-12,21,0
dylanaraps/pure-bash-bible,2019-07,103,0
dylanaraps/pure-bash-bible,2019-08,358,0
dylanaraps/pure-bash-bible,2019-09,2720,0
dylanaraps/pure-bash-bible,2019-10,509,0
dylanaraps/pure-bash-bible,2019-11,129,0
dylanaraps/pure-bash-bible,2019-12,136,0
dylanaraps/pure-bash-bible,2020-01,1,0
dypsilon/frontend-dev-bookmarks,2019-07,60,0
dypsilon/frontend-dev-bookmarks,2019-08,55,0
dypsilon/frontend-dev-bookmarks,2019-09,55,0
dypsilon/frontend-dev-bookmarks,2019-10,56,0
dypsilon/frontend-dev-bookmarks,2019-11,57,0
dypsilon/frontend-dev-bookmarks,2019-12,43,0
enaqx/awesome-react,2019-07,216,0
enaqx/awesome-react,2019-08,284,0
enaqx/awesome-react,2019-09,161,0
enaqx/awesome-react,2019-10,171,0
enaqx/awesome-react,2019-11,154,0
enaqx/awesome-react,2019-12,137,0
enaqx/awesome-react,2020-01,5,0
espeak-ng/espeak-ng,2019-07,7,0
espeak-ng/espeak-ng,2019-08,8,0
espeak-ng/espeak-ng,2019-09,9,0
espeak-ng/espeak-ng,2019-10,4,0
espeak-ng/espeak-ng,2019-11,9,0
espeak-ng/espeak-ng,2019-12,10,0
espeak-ng/espeak-ng,2020-01,1,0
ethereum/go-ethereum,2019-07,117,0
ethereum/go-ethereum,2019-08,102,0
ethereum/go-ethereum,2019-09,79,0
ethereum/go-ethereum,2019-10,115,0
ethereum/go-ethereum,2019-11,129,0
ethereum/go-ethereum,2019-12,110,0
ethereum/go-ethereum,2020-01,5,0
expo/expo,2019-07,93,0
expo/expo,2019-08,92,0
expo/expo,2019-09,101,0
expo/expo,2019-10,115,0
expo/expo,2019-11,100,0
expo/expo,2019-12,75,0
expo/expo,2020-01,4,0
expressjs/express,2019-07,182,0
expressjs/express,2019-08,177,0
expressjs/express,2019-09,131,0
expressjs/express,2019-10,175,0
expressjs/express,2019-11,149,0
expressjs/express,2019-12,178,0
expressjs/express,2020-01,1,0
facebook/react,2019-07,805,0
facebook/react,2019-08,790,0
facebook/react,2019-09,768,0
facebook/react,2019-10,737,0
facebook/react,2019-11,687,0
facebook/react,2019-12,640,0
facebook/react,2020-01,10,0
facebook/react-native,2019-07,422,0
facebook/react-native,2019-08,466,0
facebook/react-native,2019-09,365,0
facebook/react-native,2019-10,345,0
facebook/react-native,2019-11,318,0
facebook/react-native,2019-12,334,0
facebook/react-native,2020-01,9,0
faob-dev/MotionLayoutCarousel,2019-07,3,0
faob-dev/MotionLayoutCarousel,2019-08,1,0
faob-dev/MotionLayoutCarousel,2019-09,9,0
faob-dev/MotionLayoutCarousel,2019-10,1,0
faob-dev/MotionLayoutCarousel,2019-11,4,0
faob-dev/MotionLayoutCarousel,2019-12,1,0
fatedier/frp,2019-07,407,0
fatedier/frp,2019-08,402,0
fatedier/frp,2019-09,354,0
fatedier/frp,2019-10,355,0
fatedier/frp,2019-11,473,0
fatedier/frp,2019-12,425,0
fatedier/frp,2020-01,9,0
fffaraz/awesome-cpp,2019-07,194,0
fffaraz/awesome-cpp,2019-08,224,0
fffaraz/awesome-cpp,2019-09,191,0
fffaraz/awesome-cpp,2019-10,229,0
fffaraz/awesome-cpp,2019-11,194,0
fffaraz/awesome-cpp,2019-12,178,0
fffaraz/awesome-cpp,2020-01,2,0
fighting41love/funNLP,2019-07,530,0
fighting41love/funNLP,2019-08,441,0
fighting41love/funNLP,2019-09,330,0
fighting41love/funNLP,2019-10,341,0
fighting41love/funNLP,2019-11,383,0
fighting41love/funNLP,2019-12,411,0
fighting41love/funNLP,2020-01,4,0
firstcontributions/first-contributions,2019-07,113,0
firstcontributions/first-contributions,2019-08,107,0
firstcontributions/first-contributions,2019-09,89,0
firstcontributions/first-contributions,2019-10,217,0
firstcontributions/first-contributions,2019-11,150,0
firstcontributions/first-contributions,2019-12,128,0
firstcontributions/first-contributions,2020-01,2,0
florinpop17/app-ideas,2019-07,109,0
florinpop17/app-ideas,2019-08,166,0
florinpop17/app-ideas,2019-09,281,0
florinpop17/app-ideas,2019-10,239,0
florinpop17/app-ideas,2019-11,144,0
florinpop17/app-ideas,2019-12,106,0
florinpop17/app-ideas,2020-01,8,0
flutter/flutter,2019-07,1244,0
flutter/flutter,2019-08,897,0
flutter/flutter,2019-09,947,0
flutter/flutter,2019-10,849,0
flutter/flutter,2019-11,894,0
flutter/flutter,2019-12,996,0
flutter/flutter,2020-01,14,0
freeCodeCamp/freeCodeCamp,2019-07,385,0
freeCodeCamp/freeCodeCamp,2019-08,373,0
freeCodeCamp/freeCodeCamp,2019-09,437,0
freeCodeCamp/freeCodeCamp,2019-10,439,0
freeCodeCamp/freeCodeCamp,2019-11,617,0
freeCodeCamp/freeCodeCamp,2019-12,409,0
freeCodeCamp/freeCodeCamp,2020-01,7,0
gaarason/database-all,2019-12,1,0
gavinbunney/terraform-provider-kubectl,2019-09,2,0
gavinbunney/terraform-provider-kubectl,2019-11,3,0
gavinbunney/terraform-provider-kubectl,2019-12,4,0
gedoor/legado,2019-09,6,0
gedoor/legado,2019-10,5,0
gedoor/legado,2019-11,5,0
gedoor/legado,2019-12,9,0
geekcomputers/Python,2019-07,159,0
geekcomputers/Python,2019-08,198,0
geekcomputers/Python,2019-09,413,0
geekcomputers/Python,2019-10,522,0
geekcomputers/Python,2019-11,232,0
geekcomputers/Python,2019-12,124,0
geekcomputers/Python,2020-01,3,0
gin-gonic/gin,2019-07,451,0
gin-gonic/gin,2019-08,393,0
gin-gonic/gin,2019-09,376,0
gin-gonic/gin,2019-10,298,0
gin-gonic/gin,2019-11,380,0
gin-gonic/gin,2019-12,353,0
gin-gonic/gin,2020-01,7,0
git/git,2019-07,188,0
git/git,2019-08,233,0
git/git,2019-09,170,0
git/git,2019-10,139,0
git/git,2019-11,231,0
git/git,2019-12,185,0
github/gitignore,2019-07,581,0
github/gitignore,2019-08,539,0
github/gitignore,2019-09,460,0
github/gitignore,2019-10,477,0
github/gitignore,2019-11,469,0
github/gitignore,2019-12,459,0
github/gitignore,2020-01,9,0
gleam-lang/gleam,2019-10,7,0
gleam-lang/gleam,2019-11,16,0
gleam-lang/gleam,2019-12,33,0
godotengine/godot,2019-07,233,0
godotengine/godot,2019-08,233,0
godotengine/godot,2019-09,252,0
godotengine/godot,2019-10,317,0
godotengine/godot,2019-11,274,0
godotengine/godot,2019-12,261,0
godotengine/godot,2020-01,13,0
godotengine/godot-demo-projects,2019-07,7,0
godotengine/godot-demo-projects,2019-08,17,0
godotengine/godot-demo-projects,2019-09,9,0
godotengine/godot-demo-projects,2019-10,8,0
godotengine/godot-demo-projects,2019-11,18,0
godotengine/godot-demo-projects,2019-12,12,0
godotengine/godot-demo-projects,2020-01,2,0
golang/go,2019-07,573,0
golang/go,2019-08,528,0
golang/go,2019-09,496,0
golang/go,2019-10,536,0
golang/go,2019-11,476,0
golang/go,2019-12,471,0
golang/go,2020-01,5,0
goldbergyoni/nodebestpractices,2019-08,297,0
goldbergyoni/nodebestpractices,2019-09,461,0
goldbergyoni/nodebestpractices,2019-10,509,0
goldbergyoni/nodebestpractices,2019-11,475,0
goldbergyoni/nodebestpractices,2019-12,561,0
goldbergyoni/nodebestpractices,2020-01,5,0
goldmansachs/gs-quant,2019-08,1,0
goldmansachs/gs-quant,2019-09,5,0
goldmansachs/gs-quant,2019-10,3,0
goldmansachs/gs-quant,2019-11,16,0
goldmansachs/gs-quant,2019-12,33,0
goldmansachs/gs-quant,2020-01,1,0
google-research/google-research,2019-07,152,0
google-research/google-research,2019-08,245,0
google-research/google-research,2019-09,112,0
google-research/google-research,2019-10,455,0
google-research/google-research,2019-11,422,0
google-research/google-research,2019-12,151,0
google-research/google-research,2020-01,2,0
google/googletest,2019-07,163,0
google/googletest,2019-08,137,0
google/googletest,2019-09,83,0
google/googletest,2019-10,191,0
google/googletest,2019-11,140,0
google/googletest,2019-12,102,0
google/googletest,2020-01,1,0
googleapis/google-cloud-node,2019-07,11,0
googleapis/google-cloud-node,2019-08,4,0
googleapis/google-cloud-node,2019-09,7,0
googleapis/google-cloud-node,2019-10,5,0
googleapis/google-cloud-node,2019-11,5,0
googleapis/google-cloud-node,2019-12,8,0
gothinkster/realworld,2019-07,533,0
gothinkster/realworld,2019-08,270,0
gothinkster/realworld,2019-09,622,0
gothinkster/realworld,2019-10,337,0
gothinkster/realworld,2019-11,288,0
gothinkster/realworld,2019-12,318,0
gothinkster/realworld,2020-01,8,0
hackerb9/lsix,2019-07,5,0
hackerb9/lsix,2019-08,10,0
hackerb9/lsix,2019-09,6,0
hackerb9/lsix,2019-10,4,0
hackerb9/lsix,2019-11,17,0
hackerb9/lsix,2019-12,4,0
haizlin/fe-interview,2019-07,935,0
haizlin/fe-interview,2019-08,636,0
haizlin/fe-interview,2019-09,386,0
haizlin/fe-interview,2019-10,377,0
haizlin/fe-interview,2019-11,276,0
haizlin/fe-interview,2019-12,241,0
haizlin/fe-interview,2020-01,4,0
holochain/cryptographic-autonomy-license,2019-09,1,0
holochain/cryptographic-autonomy-license,2019-10,1,0
holochain/cryptographic-autonomy-license,2019-11,1,0
holochain/cryptographic-autonomy-license,2019-12,1,0
holochain/docs-pages,2019-09,1,0
holochain/docs-pages,2019-11,1,0
holochain/holochain-proto,2019-08,1,0
holochain/holochain-proto,2019-09,1,0
holochain/holochain-proto,2019-11,1,0
holochain/holochain-proto,2019-12,2,0
holochain/holochain-rust,2019-07,10,0
holochain/holochain-rust,2019-08,9,0
holochain/holochain-rust,2019-09,7,0
holochain/holochain-rust,2019-10,5,0
holochain/holochain-rust,2019-11,5,0
holochain/holochain-rust,2019-12,10,0
holochain/tryorama,2019-12,1,0
htoooth/Leaflet.ChineseTmsProviders,2019-07,8,0
htoooth/Leaflet.ChineseTmsProviders,2019-08,3,0
htoooth/Leaflet.ChineseTmsProviders,2019-09,2,0
htoooth/Leaflet.ChineseTmsProviders,2019-10,7,0
htoooth/Leaflet.ChineseTmsProviders,2019-11,3,0
htoooth/Leaflet.ChineseTmsProviders,2019-12,6,0
huggingface/transformers,2019-09,391,0
huggingface/transformers,2019-10,723,0
huggingface/transformers,2019-11,720,0
huggingface/transformers,2019-12,738,0
huggingface/transformers,2020-01,6,0
iperov/DeepFaceLive,2019-12,2,0
iptv-org/iptv,2019-09,48,0
iptv-org/iptv,2019-10,2372,0
iptv-org/iptv,2019-11,634,0
iptv-org/iptv,2019-12,780,0
iptv-org/iptv,2020-01,10,0
jackfrued/Python-100-Days,2019-07,2729,0
jackfrued/Python-100-Days,2019-08,2290,0
jackfrued/Python-100-Days,2019-09,1450,0
jackfrued/Python-100-Days,2019-10,1819,0
jackfrued/Python-100-Days,2019-11,1944,0
jackfrued/Python-100-Days,2019-12,1474,0
jackfrued/Python-100-Days,2020-01,32,0
jakevdp/PythonDataScienceHandbook,2019-07,202,0
jakevdp/PythonDataScienceHandbook,2019-08,208,0
jakevdp/PythonDataScienceHandbook,2019-09,171,0
jakevdp/PythonDataScienceHandbook,2019-10,182,0
jakevdp/PythonDataScienceHandbook,2019-11,184,0
jakevdp/PythonDataScienceHandbook,2019-12,175,0
jakevdp/PythonDataScienceHandbook,2020-01,4,0
jaywcjlove/awesome-mac,2019-07,237,0
jaywcjlove/awesome-mac,2019-08,487,0
jaywcjlove/awesome-mac,2019-09,209,0
jaywcjlove/awesome-mac,2019-10,208,0
jaywcjlove/awesome-mac,2019-11,219,0
jaywcjlove/awesome-mac,2019-12,226,0
jaywcjlove/awesome-mac,2020-01,6,0
jdepoix/youtube-transcript-api,2019-07,5,0
jdepoix/youtube-transcript-api,2019-08,8,0
jdepoix/youtube-transcript-api,2019-09,3,0
jdepoix/youtube-transcript-api,2019-10,15,0
jdepoix/youtube-transcript-api,2019-11,4,0
jdepoix/youtube-transcript-api,2019-12,8,0
jellyfin/jellyfin,2019-07,130,0
jellyfin/jellyfin,2019-08,140,0
jellyfin/jellyfin,2019-09,89,0
jellyfin/jellyfin,2019-10,110,0
jellyfin/jellyfin,2019-11,107,0
jellyfin/jellyfin,2019-12,166,0
jhy/jsoup,2019-07,27,0
jhy/jsoup,2019-08,30,0
jhy/jsoup,2019-09,30,0
jhy/jsoup,2019-10,23,0
jhy/jsoup,2019-11,24,0
jhy/jsoup,2019-12,21,0
jhy/jsoup,2020-01,1,0
jlevy/the-art-of-command-line,2019-07,1241,0
jlevy/the-art-of-command-line,2019-08,588,0
jlevy/the-art-of-command-line,2019-09,449,0
jlevy/the-art-of-command-line,2019-10,303,0
jlevy/the-art-of-command-line,2019-11,212,0
jlevy/the-art-of-command-line,2019-12,233,0
jlevy/the-art-of-command-line,2020-01,3,0
joke2k/faker,2019-07,54,0
joke2k/faker,2019-08,69,0
joke2k/faker,2019-09,53,0
joke2k/faker,2019-10,56,0
joke2k/faker,2019-11,64,0
joke2k/faker,2019-12,60,0
joke2k/faker,2020-01,2,0
jondot/awesome-react-native,2019-07,125,0
jondot/awesome-react-native,2019-08,130,0
jondot/awesome-react-native,2019-09,112,0
jondot/awesome-react-native,2019-10,119,0
jondot/awesome-react-native,2019-11,104,0
jondot/awesome-react-native,2019-12,86,0
jstarks/npiperelay,2019-07,2,0
jstarks/npiperelay,2019-08,1,0
jstarks/npiperelay,2019-09,2,0
jstarks/npiperelay,2019-10,1,0
jstarks/npiperelay,2019-12,1,0
junegunn/fzf,2019-07,271,0
junegunn/fzf,2019-08,202,0
junegunn/fzf,2019-09,231,0
junegunn/fzf,2019-10,201,0
junegunn/fzf,2019-11,233,0
junegunn/fzf,2019-12,213,0
junegunn/fzf,2020-01,4,0
jupyterlab/jupyterlab,2019-07,89,0
jupyterlab/jupyterlab,2019-08,57,0
jupyterlab/jupyterlab,2019-09,68,0
jupyterlab/jupyterlab,2019-10,46,0
jupyterlab/jupyterlab,2019-11,42,0
jupyterlab/jupyterlab,2019-12,47,0
jupyterlab/jupyterlab,2020-01,1,0
justjavac/awesome-wechat-weapp,2019-07,268,0
justjavac/awesome-wechat-weapp,2019-08,298,0
justjavac/awesome-wechat-weapp,2019-09,264,0
justjavac/awesome-wechat-weapp,2019-10,394,0
justjavac/awesome-wechat-weapp,2019-11,217,0
justjavac/awesome-wechat-weapp,2019-12,204,0
justjavac/awesome-wechat-weapp,2020-01,3,0
jwasham/coding-interview-university,2019-07,1494,0
jwasham/coding-interview-university,2019-08,1951,0
jwasham/coding-interview-university,2019-09,776,0
jwasham/coding-interview-university,2019-10,656,0
jwasham/coding-interview-university,2019-11,857,0
jwasham/coding-interview-university,2019-12,480,0
jwasham/coding-interview-university,2020-01,11,0
jzillmann/pdf-to-markdown,2019-09,3,0
jzillmann/pdf-to-markdown,2019-10,1,0
jzillmann/pdf-to-markdown,2019-11,1,0
jzillmann/pdf-to-markdown,2019-12,1,0
kamranahmedse/developer-roadmap,2019-07,705,0
kamranahmedse/developer-roadmap,2019-08,676,0
kamranahmedse/developer-roadmap,2019-09,531,0
kamranahmedse/developer-roadmap,2019-10,507,0
kamranahmedse/developer-roadmap,2019-11,602,0
kamranahmedse/developer-roadmap,2019-12,573,0
kamranahmedse/developer-roadmap,2020-01,10,0
kanasimi/work_crawler,2019-07,13,0
kanasimi/work_crawler,2019-08,16,0
kanasimi/work_crawler,2019-09,15,0
kanasimi/work_crawler,2019-10,14,0
kanasimi/work_crawler,2019-11,12,0
kanasimi/work_crawler,2019-12,7,0
karldoenitz/Tigo,2019-07,30,0
karldoenitz/Tigo,2019-08,83,0
karldoenitz/Tigo,2019-09,13,0
karldoenitz/Tigo,2019-10,3,0
karldoenitz/Tigo,2019-11,15,0
karldoenitz/Tigo,2019-12,20,0
kdn251/interviews,2019-07,610,0
kdn251/interviews,2019-08,566,0
kdn251/interviews,2019-09,246,0
kdn251/interviews,2019-10,336,0
kdn251/interviews,2019-11,258,0
kdn251/interviews,2019-12,305,0
kdn251/interviews,2020-01,7,0
keras-team/keras,2019-07,338,0
keras-team/keras,2019-08,299,0
keras-team/keras,2019-09,278,0
keras-team/keras,2019-10,264,0
keras-team/keras,2019-11,261,0
keras-team/keras,2019-12,228,0
keras-team/keras,2020-01,6,0
kilimchoi/engineering-blogs,2019-07,60,0
kilimchoi/engineering-blogs,2019-08,37,0
kilimchoi/engineering-blogs,2019-09,53,0
kilimchoi/engineering-blogs,2019-10,48,0
kilimchoi/engineering-blogs,2019-11,48,0
kilimchoi/engineering-blogs,2019-12,57,0
kilimchoi/engineering-blogs,2020-01,1,0
kubernetes/kubernetes,2019-07,532,0
kubernetes/kubernetes,2019-08,511,0
kubernetes/kubernetes,2019-09,437,0
kubernetes/kubernetes,2019-10,434,0
kubernetes/kubernetes,2019-11,449,0
kubernetes/kubernetes,2019-12,476,0
kubernetes/kubernetes,2020-01,7,0
lay295/TwitchDownloader,2019-09,1,0
lay295/TwitchDownloader,2019-10,1,0
lay295/TwitchDownloader,2019-12,1,0
lexbor/lexbor,2019-07,2,0
lexbor/lexbor,2019-09,2,0
lexbor/lexbor,2019-10,5,0
lexbor/lexbor,2019-11,5,0
lexbor/lexbor,2019-12,8,0
lirantal/npq,2019-07,4,0
lirantal/npq,2019-08,2,0
lirantal/npq,2019-09,1,0
lirantal/npq,2019-10,4,0
lirantal/npq,2019-11,2,0
lirantal/npq,2019-12,11,0
listen1/listen1_chrome_extension,2019-07,61,0
listen1/listen1_chrome_extension,2019-08,49,0
listen1/listen1_chrome_extension,2019-09,53,0
listen1/listen1_chrome_extension,2019-10,49,0
listen1/listen1_chrome_extension,2019-11,38,0
listen1/listen1_chrome_extension,2019-12,33,0
listen1/listen1_chrome_extension,2020-01,1,0
liuchong/awesome-roadmaps,2019-07,11,0
liuchong/awesome-roadmaps,2019-08,1,0
liuchong/awesome-roadmaps,2019-09,8,0
liuchong/awesome-roadmaps,2019-10,8,0
liuchong/awesome-roadmaps,2019-11,3,0
liuchong/awesome-roadmaps,2019-12,2,0
liuchong/awesome-roadmaps,2020-01,2,0
lukasz-madon/awesome-remote-job,2019-07,70,0
lukasz-madon/awesome-remote-job,2019-08,62,0
lukasz-madon/awesome-remote-job,2019-09,100,0
lukasz-madon/awesome-remote-job,2019-10,71,0
lukasz-madon/awesome-remote-job,2019-11,74,0
lukasz-madon/awesome-remote-job,2019-12,59,0
lukasz-madon/awesome-remote-job,2020-01,2,0
maralla/completor.vim,2019-07,3,0
maralla/completor.vim,2019-09,5,0
maralla/completor.vim,2019-10,7,0
maralla/completor.vim,2019-11,4,0
maralla/completor.vim,2019-12,4,0
mateogianolio/sshync,2019-11,2,0
mateogianolio/sshync,2019-12,3,0
matter-labs/zksync,2019-12,26,0
matter-labs/zksync,2020-01,1,0
max32002/tixcraft_bot,2019-10,7,0
max32002/tixcraft_bot,2019-11,1,0
max32002/tixcraft_bot,2019-12,3,0
microsoft/MLOps,2019-07,6,0
microsoft/MLOps,2019-08,8,0
microsoft/MLOps,2019-09,10,0
microsoft/MLOps,2019-10,7,0
microsoft/MLOps,2019-11,8,0
microsoft/MLOps,2019-12,8,0
microsoft/MS-DOS,2019-07,40,0
microsoft/MS-DOS,2019-08,34,0
microsoft/MS-DOS,2019-09,22,0
microsoft/MS-DOS,2019-10,31,0
microsoft/MS-DOS,2019-11,26,0
microsoft/MS-DOS,2019-12,22,0
microsoft/MS-DOS,2020-01,1,0
microsoft/PowerToys,2019-07,28,0
microsoft/PowerToys,2019-08,24,0
microsoft/PowerToys,2019-09,2018,0
microsoft/PowerToys,2019-10,566,0
microsoft/PowerToys,2019-11,532,0
microsoft/PowerToys,2019-12,394,0
microsoft/PowerToys,2020-01,6,0
microsoft/TypeScript,2019-07,508,0
microsoft/TypeScript,2019-08,420,0
microsoft/TypeScript,2019-09,420,0
microsoft/TypeScript,2019-10,403,0
microsoft/TypeScript,2019-11,333,0
microsoft/TypeScript,2019-12,337,0
microsoft/TypeScript,2020-01,6,0
microsoft/terminal,2019-07,685,0
microsoft/terminal,2019-08,701,0
microsoft/terminal,2019-09,542,0
microsoft/terminal,2019-10,483,0
microsoft/terminal,2019-11,487,0
microsoft/terminal,2019-12,440,0
microsoft/terminal,2020-01,10,0
microsoft/vscode,2019-07,655,0
microsoft/vscode,2019-08,670,0
microsoft/vscode,2019-09,599,0
microsoft/vscode,2019-10,661,0
microsoft/vscode,2019-11,1002,0
microsoft/vscode,2019-12,728,0
microsoft/vscode,2020-01,10,0
mindsdb/mindsdb,2019-07,24,0
mindsdb/mindsdb,2019-08,7,0
mindsdb/mindsdb,2019-09,2,0
mindsdb/mindsdb,2019-10,16,0
mindsdb/mindsdb,2019-11,7,0
mindsdb/mindsdb,2019-12,18,0
mindsdb/mindsdb,2020-01,1,0
mmistakes/minimal-mistakes,2019-07,85,0
mmistakes/minimal-mistakes,2019-08,36,0
mmistakes/minimal-mistakes,2019-09,59,0
mmistakes/minimal-mistakes,2019-10,45,0
mmistakes/minimal-mistakes,2019-11,59,0
mmistakes/minimal-mistakes,2019-12,56,0
mmistakes/minimal-mistakes,2020-01,2,0
mrdoob/three.js,2019-07,309,0
mrdoob/three.js,2019-08,326,0
mrdoob/three.js,2019-09,267,0
mrdoob/three.js,2019-10,363,0
mrdoob/three.js,2019-11,362,0
mrdoob/three.js,2019-12,304,0
mrdoob/three.js,2020-01,5,0
mtdvio/every-programmer-should-know,2019-07,174,0
mtdvio/every-programmer-should-know,2019-08,91,0
mtdvio/every-programmer-should-know,2019-09,94,0
mtdvio/every-programmer-should-know,2019-10,93,0
mtdvio/every-programmer-should-know,2019-11,130,0
mtdvio/every-programmer-should-know,2019-12,94,0
mtdvio/every-programmer-should-know,2020-01,2,0
mtrojnar/osslsigncode,2019-07,1,0
mtrojnar/osslsigncode,2019-08,1,0
mtrojnar/osslsigncode,2019-09,2,0
mtrojnar/osslsigncode,2019-10,2,0
mtrojnar/osslsigncode,2019-11,1,0
mtrojnar/osslsigncode,2019-12,4,0
neovim/neovim,2019-07,208,0
neovim/neovim,2019-08,198,0
neovim/neovim,2019-09,203,0
neovim/neovim,2019-10,155,0
neovim/neovim,2019-11,185,0
neovim/neovim,2019-12,176,0
neovim/neovim,2020-01,1,0
nfmcclure/tensorflow_cookbook,2019-07,74,0
nfmcclure/tensorflow_cookbook,2019-08,45,0
nfmcclure/tensorflow_cookbook,2019-09,39,0
nfmcclure/tensorflow_cookbook,2019-10,30,0
nfmcclure/tensorflow_cookbook,2019-11,21,0
nfmcclure/tensorflow_cookbook,2019-12,26,0
nilboy/pixel-recursive-super-resolution,2019-07,2,0
nilboy/pixel-recursive-super-resolution,2019-08,1,0
nilboy/pixel-recursive-super-resolution,2019-09,2,0
nilboy/pixel-recursive-super-resolution,2019-10,3,0
nilboy/pixel-recursive-super-resolution,2019-11,2,0
nlohmann/json,2019-07,120,0
nlohmann/json,2019-08,160,0
nlohmann/json,2019-09,201,0
nlohmann/json,2019-10,160,0
nlohmann/json,2019-11,170,0
nlohmann/json,2019-12,143,0
nlohmann/json,2020-01,3,0
nmap/nmap,2019-07,24,0
nmap/nmap,2019-08,43,0
nmap/nmap,2019-09,21,0
nmap/nmap,2019-10,31,0
nmap/nmap,2019-11,22,0
nmap/nmap,2019-12,38,0
nmap/nmap,2020-01,3,0
nodejs/node,2019-07,314,0
nodejs/node,2019-08,301,0
nodejs/node,2019-09,271,0
nodejs/node,2019-10,338,0
nodejs/node,2019-11,304,0
nodejs/node,2019-12,328,0
nodejs/node,2020-01,10,0
nodejs/nodejs.org,2019-07,14,0
nodejs/nodejs.org,2019-08,6,0
nodejs/nodejs.org,2019-09,12,0
nodejs/nodejs.org,2019-10,9,0
nodejs/nodejs.org,2019-11,7,0
nodejs/nodejs.org,2019-12,12,0
nodejs/nodejs.org,2020-01,1,0
nptr/msstyleEditor,2019-08,1,0
nptr/msstyleEditor,2019-09,2,0
nptr/msstyleEditor,2019-10,3,0
nptr/msstyleEditor,2019-11,1,0
numpy/numpy,2019-07,133,0
numpy/numpy,2019-08,107,0
numpy/numpy,2019-09,95,0
numpy/numpy,2019-10,95,0
numpy/numpy,2019-11,84,0
numpy/numpy,2019-12,122,0
numpy/numpy,2020-01,2,0
nvm-sh/nvm,2019-07,247,0
nvm-sh/nvm,2019-08,264,0
nvm-sh/nvm,2019-09,187,0
nvm-sh/nvm,2019-10,192,0
nvm-sh/nvm,2019-11,233,0
nvm-sh/nvm,2019-12,223,0
nvm-sh/nvm,2020-01,7,0
ohmyzsh/ohmyzsh,2019-11,251,0
ohmyzsh/ohmyzsh,2019-12,676,0
ohmyzsh/ohmyzsh,2020-01,10,0
open-mmlab/mmdetection,2019-07,281,0
open-mmlab/mmdetection,2019-08,235,0
open-mmlab/mmdetection,2019-09,203,0
open-mmlab/mmdetection,2019-10,187,0
open-mmlab/mmdetection,2019-11,160,0
open-mmlab/mmdetection,2019-12,166,0
open-mmlab/mmdetection,2020-01,1,0
ossu/computer-science,2019-07,335,0
ossu/computer-science,2019-08,284,0
ossu/computer-science,2019-09,1279,0
ossu/computer-science,2019-10,1442,0
ossu/computer-science,2019-11,517,0
ossu/computer-science,2019-12,430,0
ossu/computer-science,2020-01,24,0
ossu/data-science,2019-07,41,0
ossu/data-science,2019-08,29,0
ossu/data-science,2019-09,51,0
ossu/data-science,2019-10,70,0
ossu/data-science,2019-11,32,0
ossu/data-science,2019-12,34,0
ossu/data-science,2020-01,1,0
owainlewis/awesome-artificial-intelligence,2019-07,26,0
owainlewis/awesome-artificial-intelligence,2019-08,23,0
owainlewis/awesome-artificial-intelligence,2019-09,33,0
owainlewis/awesome-artificial-intelligence,2019-10,21,0
owainlewis/awesome-artificial-intelligence,2019-11,26,0
owainlewis/awesome-artificial-intelligence,2019-12,28,0
owainlewis/awesome-artificial-intelligence,2020-01,1,0
pallets/flask,2019-07,268,0
pallets/flask,2019-08,250,0
pallets/flask,2019-09,230,0
pallets/flask,2019-10,240,0
pallets/flask,2019-11,229,0
pallets/flask,2019-12,192,0
pallets/flask,2020-01,5,0
pandas-dev/pandas,2019-07,185,0
pandas-dev/pandas,2019-08,200,0
pandas-dev/pandas,2019-09,158,0
pandas-dev/pandas,2019-10,220,0
pandas-dev/pandas,2019-11,170,0
pandas-dev/pandas,2019-12,141,0
pandas-dev/pandas,2020-01,1,0
papers-we-love/papers-we-love,2019-07,131,0
papers-we-love/papers-we-love,2019-08,139,0
papers-we-love/papers-we-love,2019-09,176,0
papers-we-love/papers-we-love,2019-10,143,0
papers-we-love/papers-we-love,2019-11,150,0
papers-we-love/papers-we-love,2019-12,158,0
papers-we-love/papers-we-love,2020-01,7,0
piku/piku,2019-08,2,0
piku/piku,2019-09,5,0
piku/piku,2019-10,2,0
piku/piku,2019-11,19,0
piku/piku,2019-12,13,0
prakhar1989/awesome-courses,2019-07,141,0
prakhar1989/awesome-courses,2019-08,121,0
prakhar1989/awesome-courses,2019-09,130,0
prakhar1989/awesome-courses,2019-10,119,0
prakhar1989/awesome-courses,2019-11,106,0
prakhar1989/awesome-courses,2019-12,119,0
prakhar1989/awesome-courses,2020-01,4,0
proginosko/LeechBlockNG,2019-07,3,0
proginosko/LeechBlockNG,2019-08,1,0
proginosko/LeechBlockNG,2019-10,2,0
proginosko/LeechBlockNG,2019-11,2,0
proninyaroslav/libretorrent,2019-07,5,0
proninyaroslav/libretorrent,2019-08,9,0
proninyaroslav/libretorrent,2019-09,3,0
proninyaroslav/libretorrent,2019-10,3,0
proninyaroslav/libretorrent,2019-11,16,0
proninyaroslav/libretorrent,2019-12,7,0
public-apis/public-apis,2019-07,414,0
public-apis/public-apis,2019-08,416,0
public-apis/public-apis,2019-09,826,0
public-apis/public-apis,2019-10,536,0
public-apis/public-apis,2019-11,715,0
public-apis/public-apis,2019-12,876,0
public-apis/public-apis,2020-01,11,0
pytorch/pytorch,2019-07,400,0
pytorch/pytorch,2019-08,323,0
pytorch/pytorch,2019-09,301,0
pytorch/pytorch,2019-10,442,0
pytorch/pytorch,2019-11,365,0
pytorch/pytorch,2019-12,363,0
pytorch/pytorch,2020-01,5,0
reactnativecn/react-native-guide,2019-07,73,0
reactnativecn/react-native-guide,2019-08,63,0
reactnativecn/react-native-guide,2019-09,49,0
reactnativecn/react-native-guide,2019-10,40,0
reactnativecn/react-native-guide,2019-11,36,0
reactnativecn/react-native-guide,2019-12,44,0
realpython/python-guide,2019-07,113,0
realpython/python-guide,2019-08,111,0
realpython/python-guide,2019-09,83,0
realpython/python-guide,2019-10,81,0
realpython/python-guide,2019-11,82,0
realpython/python-guide,2019-12,102,0
realpython/python-guide,2020-01,2,0
remoteintech/remote-jobs,2019-07,109,0
remoteintech/remote-jobs,2019-08,266,0
remoteintech/remote-jobs,2019-09,37,0
remoteintech/remote-jobs,2019-10,120,0
remoteintech/remote-jobs,2019-11,73,0
remoteintech/remote-jobs,2019-12,59,0
remoteintech/remote-jobs,2020-01,1,0
ripienaar/free-for-dev,2019-07,68,0
ripienaar/free-for-dev,2019-08,143,0
ripienaar/free-for-dev,2019-09,152,0
ripienaar/free-for-dev,2019-10,1028,0
ripienaar/free-for-dev,2019-11,527,0
ripienaar/free-for-dev,2019-12,560,0
ripienaar/free-for-dev,2020-01,6,0
rust-lang/rust,2019-07,351,0
rust-lang/rust,2019-08,299,0
rust-lang/rust,2019-09,242,0
rust-lang/rust,2019-10,248,0
rust-lang/rust,2019-11,338,0
rust-lang/rust,2019-12,303,0
rust-lang/rust,2020-01,9,0
rust-lang/rustlings,2019-07,204,0
rust-lang/rustlings,2019-08,145,0
rust-lang/rustlings,2019-09,90,0
rust-lang/rustlings,2019-10,92,0
rust-lang/rustlings,2019-11,120,0
rust-lang/rustlings,2019-12,173,0
rust-lang/rustlings,2020-01,9,0
rust-unofficial/awesome-rust,2019-07,182,0
rust-unofficial/awesome-rust,2019-08,171,0
rust-unofficial/awesome-rust,2019-09,132,0
rust-unofficial/awesome-rust,2019-10,117,0
rust-unofficial/awesome-rust,2019-11,140,0
rust-unofficial/awesome-rust,2019-12,124,0
rust-unofficial/awesome-rust,2020-01,4,0
ryanmcdermott/clean-code-javascript,2019-07,491,0
ryanmcdermott/clean-code-javascript,2019-08,157,0
ryanmcdermott/clean-code-javascript,2019-09,156,0
ryanmcdermott/clean-code-javascript,2019-10,146,0
ryanmcdermott/clean-code-javascript,2019-11,326,0
ryanmcdermott/clean-code-javascript,2019-12,444,0
ryanmcdermott/clean-code-javascript,2020-01,2,0
satoshin21/Anima,2019-07,1,0
scikit-learn/scikit-learn,2019-07,195,0
scikit-learn/scikit-learn,2019-08,192,0
scikit-learn/scikit-learn,2019-09,182,0
scikit-learn/scikit-learn,2019-10,220,0
scikit-learn/scikit-learn,2019-11,222,0
scikit-learn/scikit-learn,2019-12,194,0
scikit-learn/scikit-learn,2020-01,2,0
sdras/awesome-actions,2019-07,30,0
sdras/awesome-actions,2019-08,229,0
sdras/awesome-actions,2019-09,352,0
sdras/awesome-actions,2019-10,252,0
sdras/awesome-actions,2019-11,234,0
sdras/awesome-actions,2019-12,195,0
sdras/awesome-actions,2020-01,12,0
sebastianbergmann/object-enumerator,2019-07,31,0
sebastianbergmann/object-enumerator,2019-08,23,0
sebastianbergmann/object-enumerator,2019-09,41,0
sebastianbergmann/object-enumerator,2019-10,39,0
sebastianbergmann/object-enumerator,2019-11,24,0
sebastianbergmann/object-enumerator,2019-12,35,0
sebastianbergmann/object-enumerator,2020-01,1,0
sebastiandev/zipper,2019-07,1,0
sebastiandev/zipper,2019-08,2,0
sebastiandev/zipper,2019-09,6,0
sebastiandev/zipper,2019-10,1,0
sebastiandev/zipper,2019-12,2,0
serilog/serilog,2019-07,28,0
serilog/serilog,2019-08,37,0
serilog/serilog,2019-09,21,0
serilog/serilog,2019-10,26,0
serilog/serilog,2019-11,34,0
serilog/serilog,2019-12,27,0
serilog/serilog,2020-01,1,0
sherlock-project/sherlock,2019-07,828,0
sherlock-project/sherlock,2019-08,401,0
sherlock-project/sherlock,2019-09,99,0
sherlock-project/sherlock,2019-10,120,0
sherlock-project/sherlock,2019-11,357,0
sherlock-project/sherlock,2019-12,521,0
shevek/jarjar,2019-07,2,0
shevek/jarjar,2019-08,1,0
shevek/jarjar,2019-09,3,0
shevek/jarjar,2019-10,5,0
shevek/jarjar,2019-11,3,0
shevek/jarjar,2019-12,1,0
sindresorhus/awesome,2019-07,759,0
sindresorhus/awesome,2019-08,750,0
sindresorhus/awesome,2019-09,672,0
sindresorhus/awesome,2019-10,716,0
sindresorhus/awesome,2019-11,702,0
sindresorhus/awesome,2019-12,849,0
sindresorhus/awesome,2020-01,15,0
sindresorhus/awesome-nodejs,2019-07,345,0
sindresorhus/awesome-nodejs,2019-08,175,0
sindresorhus/awesome-nodejs,2019-09,135,0
sindresorhus/awesome-nodejs,2019-10,164,0
sindresorhus/awesome-nodejs,2019-11,150,0
sindresorhus/awesome-nodejs,2019-12,248,0
sindresorhus/awesome-nodejs,2020-01,4,0
skyming/iOS-Performance-Optimization,2019-07,20,0
skyming/iOS-Performance-Optimization,2019-08,76,0
skyming/iOS-Performance-Optimization,2019-09,20,0
skyming/iOS-Performance-Optimization,2019-10,27,0
skyming/iOS-Performance-Optimization,2019-11,22,0
skyming/iOS-Performance-Optimization,2019-12,30,0
starship/starship,2019-07,17,0
starship/starship,2019-08,188,0
starship/starship,2019-09,808,0
starship/starship,2019-10,402,0
starship/starship,2019-11,211,0
starship/starship,2019-12,193,0
starship/starship,2020-01,1,0
steven2358/awesome-blockchain-ai,2019-07,1,0
steven2358/awesome-blockchain-ai,2019-08,5,0
steven2358/awesome-blockchain-ai,2019-09,3,0
steven2358/awesome-blockchain-ai,2019-10,1,0
steven2358/awesome-blockchain-ai,2019-11,3,0
steven2358/awesome-blockchain-ai,2019-12,4,0
storybookjs/storybook,2019-07,342,0
storybookjs/storybook,2019-08,322,0
storybookjs/storybook,2019-09,300,0
storybookjs/storybook,2019-10,384,0
storybookjs/storybook,2019-11,340,0
storybookjs/storybook,2019-12,320,0
storybookjs/storybook,2020-01,13,0
sveltejs/svelte,2019-07,709,0
sveltejs/svelte,2019-08,460,0
sveltejs/svelte,2019-09,431,0
sveltejs/svelte,2019-10,575,0
sveltejs/svelte,2019-11,546,0
sveltejs/svelte,2019-12,630,0
sveltejs/svelte,2020-01,13,0
tachiyomiorg/extensions,2019-09,1,0
tachiyomiorg/website,2019-09,4,0
tachiyomiorg/website,2019-10,1,0
tachiyomiorg/website,2019-11,1,0
tachiyomiorg/website,2019-12,1,0
tauri-apps/tauri,2019-08,1,0
tauri-apps/tauri,2019-09,65,0
tauri-apps/tauri,2019-10,19,0
tauri-apps/tauri,2019-11,19,0
tauri-apps/tauri,2019-12,96,0
tauri-apps/tauri,2020-01,3,0
tayllan/awesome-algorithms,2019-07,37,0
tayllan/awesome-algorithms,2019-08,29,0
tayllan/awesome-algorithms,2019-09,49,0
tayllan/awesome-algorithms,2019-10,38,0
tayllan/awesome-algorithms,2019-11,41,0
tayllan/awesome-algorithms,2019-12,23,0
tayllan/awesome-algorithms,2020-01,1,0
tbrugz/geodata-br,2019-07,4,0
tbrugz/geodata-br,2019-08,1,0
tbrugz/geodata-br,2019-09,1,0
tbrugz/geodata-br,2019-10,2,0
tbrugz/geodata-br,2019-12,1,0
tensorflow/tensorflow,2019-07,775,0
tensorflow/tensorflow,2019-08,638,0
tensorflow/tensorflow,2019-09,747,0
tensorflow/tensorflow,2019-10,699,0
tensorflow/tensorflow,2019-11,717,0
tensorflow/tensorflow,2019-12,574,0
tensorflow/tensorflow,2020-01,8,0
tiangolo/fastapi,2019-07,167,0
tiangolo/fastapi,2019-08,166,0
tiangolo/fastapi,2019-09,235,0
tiangolo/fastapi,2019-10,233,0
tiangolo/fastapi,2019-11,222,0
tiangolo/fastapi,2019-12,465,0
tiangolo/fastapi,2020-01,9,0
tiimgreen/github-cheat-sheet,2019-07,84,0
tiimgreen/github-cheat-sheet,2019-08,61,0
tiimgreen/github-cheat-sheet,2019-09,69,0
tiimgreen/github-cheat-sheet,2019-10,81,0
tiimgreen/github-cheat-sheet,2019-11,71,0
tiimgreen/github-cheat-sheet,2019-12,70,0
tiimgreen/github-cheat-sheet,2020-01,5,0
torvalds/linux,2019-07,639,0
torvalds/linux,2019-08,576,0
torvalds/linux,2019-09,514,0
torvalds/linux,2019-10,492,0
torvalds/linux,2019-11,609,0
torvalds/linux,2019-12,502,0
torvalds/linux,2020-01,16,0
trekhleb/javascript-algorithms,2019-07,637,0
trekhleb/javascript-algorithms,2019-08,448,0
trekhleb/javascript-algorithms,2019-09,514,0
trekhleb/javascript-algorithms,2019-10,464,0
trekhleb/javascript-algorithms,2019-11,360,0
trekhleb/javascript-algorithms,2019-12,1019,0
trekhleb/javascript-algorithms,2020-01,7,0
trekhleb/learn-python,2019-07,31,0
trekhleb/learn-python,2019-08,15,0
trekhleb/learn-python,2019-09,13,0
trekhleb/learn-python,2019-10,24,0
trekhleb/learn-python,2019-11,19,0
trekhleb/learn-python,2019-12,15,0
trekhleb/learn-python,2020-01,1,0
trimstray/the-book-of-secret-knowledge,2019-07,150,0
trimstray/the-book-of-secret-knowledge,2019-08,288,0
trimstray/the-book-of-secret-knowledge,2019-09,305,0
trimstray/the-book-of-secret-knowledge,2019-10,149,0
trimstray/the-book-of-secret-knowledge,2019-11,295,0
trimstray/the-book-of-secret-knowledge,2019-12,188,0
trimstray/the-book-of-secret-knowledge,2020-01,5,0
twbs/bootstrap,2019-07,371,0
twbs/bootstrap,2019-08,302,0
twbs/bootstrap,2019-09,280,0
twbs/bootstrap,2019-10,308,0
twbs/bootstrap,2019-11,354,0
twbs/bootstrap,2019-12,317,0
twbs/bootstrap,2020-01,11,0
uNetworking/uWebSockets.js,2019-07,33,0
uNetworking/uWebSockets.js,2019-08,31,0
uNetworking/uWebSockets.js,2019-09,26,0
uNetworking/uWebSockets.js,2019-10,37,0
uNetworking/uWebSockets.js,2019-11,28,0
uNetworking/uWebSockets.js,2019-12,48,0
uNetworking/uWebSockets.js,2020-01,1,0
univrsal/input-overlay,2019-07,7,0
univrsal/input-overlay,2019-08,4,0
univrsal/input-overlay,2019-09,6,0
univrsal/input-overlay,2019-10,6,0
univrsal/input-overlay,2019-11,4,0
univrsal/input-overlay,2019-12,6,0
uvdesk/community-skeleton,2019-07,6,0
uvdesk/community-skeleton,2019-08,4,0
uvdesk/community-skeleton,2019-09,12,0
uvdesk/community-skeleton,2019-10,4,0
uvdesk/community-skeleton,2019-11,36,0
uvdesk/community-skeleton,2019-12,5,0
veggiemonk/awesome-docker,2019-07,106,0
veggiemonk/awesome-docker,2019-08,92,0
veggiemonk/awesome-docker,2019-09,87,0
veggiemonk/awesome-docker,2019-10,84,0
veggiemonk/awesome-docker,2019-11,85,0
veggiemonk/awesome-docker,2019-12,94,0
veggiemonk/awesome-docker,2020-01,2,0
vinta/awesome-python,2019-07,483,0
vinta/awesome-python,2019-08,708,0
vinta/awesome-python,2019-09,437,0
vinta/awesome-python,2019-10,558,0
vinta/awesome-python,2019-11,546,0
vinta/awesome-python,2019-12,450,0
vinta/awesome-python,2020-01,9,0
volta-cli/volta,2019-07,10,0
volta-cli/volta,2019-08,52,0
volta-cli/volta,2019-09,11,0
volta-cli/volta,2019-10,15,0
volta-cli/volta,2019-11,14,0
volta-cli/volta,2019-12,23,0
vsoch/watchme,2019-07,3,0
vsoch/watchme,2019-09,1,0
vsoch/watchme,2019-10,1,0
vsoch/watchme,2019-11,1,0
vsouza/awesome-ios,2019-07,125,0
vsouza/awesome-ios,2019-08,111,0
vsouza/awesome-ios,2019-09,121,0
vsouza/awesome-ios,2019-10,119,0
vsouza/awesome-ios,2019-11,99,0
vsouza/awesome-ios,2019-12,106,0
vuejs/vue,2019-07,1158,0
vuejs/vue,2019-08,1003,0
vuejs/vue,2019-09,798,0
vuejs/vue,2019-10,963,0
vuejs/vue,2019-11,866,0
vuejs/vue,2019-12,883,0
vuejs/vue,2020-01,9,0
wagtail/wagtail,2019-07,90,0
wagtail/wagtail,2019-08,50,0
wagtail/wagtail,2019-09,55,0
wagtail/wagtail,2019-10,55,0
wagtail/wagtail,2019-11,55,0
wagtail/wagtail,2019-12,30,0
wasabeef/awesome-android-ui,2019-07,150,0
wasabeef/awesome-android-ui,2019-08,138,0
wasabeef/awesome-android-ui,2019-09,124,0
wasabeef/awesome-android-ui,2019-10,109,0
wasabeef/awesome-android-ui,2019-11,111,0
wasabeef/awesome-android-ui,2019-12,105,0
wasabeef/awesome-android-ui,2020-01,4,0
wasmerio/wasmer,2019-07,78,0
wasmerio/wasmer,2019-08,104,0
wasmerio/wasmer,2019-09,93,0
wasmerio/wasmer,2019-10,99,0
wasmerio/wasmer,2019-11,77,0
wasmerio/wasmer,2019-12,86,0
wasmerio/wasmer,2020-01,3,0
wentin/cssicon,2019-07,4,0
wentin/cssicon,2019-08,6,0
wentin/cssicon,2019-09,6,0
wentin/cssicon,2019-10,4,0
wentin/cssicon,2019-11,4,0
wentin/cssicon,2019-12,9,0
withlin/canal-go,2019-07,12,0
withlin/canal-go,2019-08,2,0
withlin/canal-go,2019-09,18,0
withlin/canal-go,2019-10,1,0
withlin/canal-go,2019-11,6,0
withlin/canal-go,2019-12,3,0
xiaolai/everyone-can-use-english,2019-07,132,0
xiaolai/everyone-can-use-english,2019-08,74,0
xiaolai/everyone-can-use-english,2019-09,51,0
xiaolai/everyone-can-use-english,2019-10,42,0
xiaolai/everyone-can-use-english,2019-11,39,0
xiaolai/everyone-can-use-english,2019-12,107,0
xiaolai/everyone-can-use-english,2020-01,2,0
yangshun/front-end-interview-handbook,2019-07,128,0
yangshun/front-end-interview-handbook,2019-08,254,0
yangshun/front-end-interview-handbook,2019-09,162,0
yangshun/front-end-interview-handbook,2019-10,141,0
yangshun/front-end-interview-handbook,2019-11,116,0
yangshun/front-end-interview-handbook,2019-12,210,0
yangshun/front-end-interview-handbook,2020-01,3,0
yangshun/tech-interview-handbook,2019-07,222,0
yangshun/tech-interview-handbook,2019-08,1148,0
yangshun/tech-interview-handbook,2019-09,1049,0
yangshun/tech-interview-handbook,2019-10,317,0
yangshun/tech-interview-handbook,2019-11,250,0
yangshun/tech-interview-handbook,2019-12,371,0
yangshun/tech-interview-handbook,2020-01,6,0
yanirs/established-remote,2019-07,24,0
yanirs/established-remote,2019-08,24,0
yanirs/established-remote,2019-09,30,0
yanirs/established-remote,2019-10,46,0
yanirs/established-remote,2019-11,35,0
yanirs/established-remote,2019-12,61,0
yuzu-emu/yuzu,2019-07,176,0
yuzu-emu/yuzu,2019-08,96,0
yuzu-emu/yuzu,2019-09,82,0
yuzu-emu/yuzu,2019-10,82,0
yuzu-emu/yuzu,2019-11,152,0
yuzu-emu/yuzu,2019-12,104,0
yuzu-emu/yuzu,2020-01,3,0
zhiwehu/Python-programming-exercises,2019-07,114,0
zhiwehu/Python-programming-exercises,2019-08,111,0
zhiwehu/Python-programming-exercises,2019-09,228,0
zhiwehu/Python-programming-exercises,2019-10,146,0
zhiwehu/Python-programming-exercises,2019-11,140,0
zhiwehu/Python-programming-exercises,2019-12,122,0
zhiwehu/Python-programming-exercises,2020-01,3,0
zsh-users/zsh-autosuggestions,2019-07,133,0
zsh-users/zsh-autosuggestions,2019-08,123,0
zsh-users/zsh-autosuggestions,2019-09,129,0
zsh-users/zsh-autosuggestions,2019-10,107,0
zsh-users/zsh-autosuggestions,2019-11,119,0
zsh-users/zsh-autosuggestions,2019-12,122,0
zsh-users/zsh-autosuggestions,2020-01,4,0
zsh-users/zsh-syntax-highlighting,2019-07,78,0
zsh-users/zsh-syntax-highlighting,2019-08,58,0
zsh-users/zsh-syntax-highlighting,2019-09,57,0
zsh-users/zsh-syntax-highlighting,2019-10,73,0
zsh-users/zsh-syntax-highlighting,2019-11,66,0
zsh-users/zsh-syntax-highlighting,2019-12,74,0
zsh-users/zsh-syntax-highlighting,2020-01,3,0
zxs0827/zxs0827.github.io,2019-07,1,0
zxs0827/zxs0827.github.io,2019-10,1,0
zzzeek/alembic,2019-07,1,0
zzzeek/alembic,2019-12,2,0
