repo,month,download_count,n_stars_all,n_stars_fake,n_stars_real
AYnonyme971/blague-npm,2023-06,473,1.0,0.0,1.0
AYnonyme971/blague-npm,2023-07,43,0.0,0.0,0.0
AYnonyme971/blague-npm,2023-08,11,0.0,0.0,0.0
Adamant-im/adamant-api-jsclient,2018-12,324,0.0,0.0,0.0
Adamant-im/adamant-api-jsclient,2019-01,159,0.0,0.0,0.0
Adamant-im/adamant-api-jsclient,2019-02,49,0.0,0.0,0.0
Adamant-im/adamant-api-jsclient,2019-03,76,0.0,0.0,0.0
Adamant-im/adamant-api-jsclient,2019-04,84,0.0,0.0,0.0
Adamant-im/adamant-api-jsclient,2019-05,41,0.0,0.0,0.0
Adamant-im/adamant-api-jsclient,2019-06,451,0.0,0.0,0.0
Adamant-im/adamant-api-jsclient,2019-07,531,0.0,0.0,0.0
Adamant-im/adamant-api-jsclient,2019-08,131,0.0,0.0,0.0
Adamant-im/adamant-api-jsclient,2019-09,134,0.0,0.0,0.0
Adamant-im/adamant-api-jsclient,2019-10,114,0.0,0.0,0.0
Adamant-im/adamant-api-jsclient,2019-11,116,0.0,0.0,0.0
Adamant-im/adamant-api-jsclient,2019-12,38,0.0,0.0,0.0
Adamant-im/adamant-api-jsclient,2020-01,188,1.0,0.0,1.0
Adamant-im/adamant-api-jsclient,2020-02,120,0.0,0.0,0.0
Adamant-im/adamant-api-jsclient,2020-03,1079,0.0,0.0,0.0
Adamant-im/adamant-api-jsclient,2020-04,1025,0.0,0.0,0.0
Adamant-im/adamant-api-jsclient,2020-05,1630,0.0,0.0,0.0
Adamant-im/adamant-api-jsclient,2020-06,1992,0.0,0.0,0.0
Adamant-im/adamant-api-jsclient,2020-07,1711,0.0,0.0,0.0
Adamant-im/adamant-api-jsclient,2020-08,1387,0.0,0.0,0.0
Adamant-im/adamant-api-jsclient,2020-09,1226,0.0,0.0,0.0
Adamant-im/adamant-api-jsclient,2020-10,1169,0.0,0.0,0.0
Adamant-im/adamant-api-jsclient,2020-11,1293,0.0,0.0,0.0
Adamant-im/adamant-api-jsclient,2020-12,1602,0.0,0.0,0.0
Adamant-im/adamant-api-jsclient,2021-01,2827,1.0,0.0,1.0
Adamant-im/adamant-api-jsclient,2021-02,2932,0.0,0.0,0.0
Adamant-im/adamant-api-jsclient,2021-03,1820,0.0,0.0,0.0
Adamant-im/adamant-api-jsclient,2021-04,1657,0.0,0.0,0.0
Adamant-im/adamant-api-jsclient,2021-05,1941,0.0,0.0,0.0
Adamant-im/adamant-api-jsclient,2021-06,1119,0.0,0.0,0.0
Adamant-im/adamant-api-jsclient,2021-07,876,0.0,0.0,0.0
Adamant-im/adamant-api-jsclient,2021-08,673,0.0,0.0,0.0
Adamant-im/adamant-api-jsclient,2021-09,687,0.0,0.0,0.0
Adamant-im/adamant-api-jsclient,2021-10,984,0.0,0.0,0.0
Adamant-im/adamant-api-jsclient,2021-11,664,0.0,0.0,0.0
Adamant-im/adamant-api-jsclient,2021-12,628,2.0,0.0,2.0
Adamant-im/adamant-api-jsclient,2022-01,998,0.0,0.0,0.0
Adamant-im/adamant-api-jsclient,2022-02,813,1.0,0.0,1.0
Adamant-im/adamant-api-jsclient,2022-03,338,0.0,0.0,0.0
Adamant-im/adamant-api-jsclient,2022-04,692,0.0,0.0,0.0
Adamant-im/adamant-api-jsclient,2022-05,513,1.0,0.0,1.0
Adamant-im/adamant-api-jsclient,2022-06,464,0.0,0.0,0.0
Adamant-im/adamant-api-jsclient,2022-07,535,0.0,0.0,0.0
Adamant-im/adamant-api-jsclient,2022-08,574,0.0,0.0,0.0
Adamant-im/adamant-api-jsclient,2022-09,487,0.0,0.0,0.0
Adamant-im/adamant-api-jsclient,2022-10,473,0.0,0.0,0.0
Adamant-im/adamant-api-jsclient,2022-11,719,0.0,0.0,0.0
Adamant-im/adamant-api-jsclient,2022-12,805,0.0,0.0,0.0
Adamant-im/adamant-api-jsclient,2023-01,844,1.0,0.0,1.0
Adamant-im/adamant-api-jsclient,2023-02,536,0.0,0.0,0.0
Adamant-im/adamant-api-jsclient,2023-03,605,0.0,0.0,0.0
Adamant-im/adamant-api-jsclient,2023-04,533,0.0,0.0,0.0
Adamant-im/adamant-api-jsclient,2023-05,372,0.0,0.0,0.0
Adamant-im/adamant-api-jsclient,2023-06,326,0.0,0.0,0.0
Adamant-im/adamant-api-jsclient,2023-07,262,0.0,0.0,0.0
Adamant-im/adamant-api-jsclient,2023-08,8,0.0,0.0,0.0
Adamant-im/adamant-console,2018-03,51,0.0,0.0,0.0
Adamant-im/adamant-console,2018-04,8,0.0,0.0,0.0
Adamant-im/adamant-console,2018-05,14,0.0,0.0,0.0
Adamant-im/adamant-console,2018-06,35,0.0,0.0,0.0
Adamant-im/adamant-console,2018-07,41,0.0,0.0,0.0
Adamant-im/adamant-console,2018-08,11,0.0,0.0,0.0
Adamant-im/adamant-console,2018-09,28,0.0,0.0,0.0
Adamant-im/adamant-console,2018-10,7,0.0,0.0,0.0
Adamant-im/adamant-console,2018-11,48,0.0,0.0,0.0
Adamant-im/adamant-console,2018-12,258,0.0,0.0,0.0
Adamant-im/adamant-console,2019-01,65,0.0,0.0,0.0
Adamant-im/adamant-console,2019-02,45,0.0,0.0,0.0
Adamant-im/adamant-console,2019-03,106,0.0,0.0,0.0
Adamant-im/adamant-console,2019-04,100,0.0,0.0,0.0
Adamant-im/adamant-console,2019-05,31,0.0,0.0,0.0
Adamant-im/adamant-console,2019-06,139,0.0,0.0,0.0
Adamant-im/adamant-console,2019-07,93,0.0,0.0,0.0
Adamant-im/adamant-console,2019-08,60,0.0,0.0,0.0
Adamant-im/adamant-console,2019-09,54,0.0,0.0,0.0
Adamant-im/adamant-console,2019-10,36,0.0,0.0,0.0
Adamant-im/adamant-console,2019-11,127,0.0,0.0,0.0
Adamant-im/adamant-console,2019-12,23,0.0,0.0,0.0
Adamant-im/adamant-console,2020-01,62,0.0,0.0,0.0
Adamant-im/adamant-console,2020-02,24,0.0,0.0,0.0
Adamant-im/adamant-console,2020-03,9,0.0,0.0,0.0
Adamant-im/adamant-console,2020-04,1,0.0,0.0,0.0
Adamant-im/adamant-console,2020-05,24,0.0,0.0,0.0
Adamant-im/adamant-console,2020-06,25,0.0,0.0,0.0
Adamant-im/adamant-console,2020-07,19,0.0,0.0,0.0
Adamant-im/adamant-console,2020-08,26,0.0,0.0,0.0
Adamant-im/adamant-console,2020-09,10,0.0,0.0,0.0
Adamant-im/adamant-console,2020-10,25,0.0,0.0,0.0
Adamant-im/adamant-console,2020-11,39,0.0,0.0,0.0
Adamant-im/adamant-console,2020-12,49,0.0,0.0,0.0
Adamant-im/adamant-console,2021-01,32,0.0,0.0,0.0
Adamant-im/adamant-console,2021-02,23,0.0,0.0,0.0
Adamant-im/adamant-console,2021-03,50,0.0,0.0,0.0
Adamant-im/adamant-console,2021-04,25,0.0,0.0,0.0
Adamant-im/adamant-console,2021-05,23,0.0,0.0,0.0
Adamant-im/adamant-console,2021-06,32,0.0,0.0,0.0
Adamant-im/adamant-console,2021-07,74,0.0,0.0,0.0
Adamant-im/adamant-console,2021-08,34,0.0,0.0,0.0
Adamant-im/adamant-console,2021-09,27,0.0,0.0,0.0
Adamant-im/adamant-console,2021-10,23,0.0,0.0,0.0
Adamant-im/adamant-console,2021-11,5,0.0,0.0,0.0
Adamant-im/adamant-console,2021-12,23,0.0,0.0,0.0
Adamant-im/adamant-console,2022-01,14,0.0,0.0,0.0
Adamant-im/adamant-console,2022-02,50,0.0,0.0,0.0
Adamant-im/adamant-console,2022-03,16,0.0,0.0,0.0
Adamant-im/adamant-console,2022-04,90,0.0,0.0,0.0
Adamant-im/adamant-console,2022-05,41,1.0,0.0,1.0
Adamant-im/adamant-console,2022-06,25,0.0,0.0,0.0
Adamant-im/adamant-console,2022-07,148,0.0,0.0,0.0
Adamant-im/adamant-console,2022-08,163,0.0,0.0,0.0
Adamant-im/adamant-console,2022-09,112,0.0,0.0,0.0
Adamant-im/adamant-console,2022-10,81,0.0,0.0,0.0
Adamant-im/adamant-console,2022-11,94,0.0,0.0,0.0
Adamant-im/adamant-console,2022-12,73,0.0,0.0,0.0
Adamant-im/adamant-console,2023-01,38,0.0,0.0,0.0
Adamant-im/adamant-console,2023-02,36,1.0,0.0,1.0
Adamant-im/adamant-console,2023-03,48,0.0,0.0,0.0
Adamant-im/adamant-console,2023-04,36,0.0,0.0,0.0
Adamant-im/adamant-console,2023-05,28,0.0,0.0,0.0
Adamant-im/adamant-console,2023-06,15,0.0,0.0,0.0
Adamant-im/adamant-console,2023-07,51,0.0,0.0,0.0
Adamant-im/adamant-console,2023-08,2,0.0,0.0,0.0
Autumn-one/a-calc-old,2020-12,51,0.0,0.0,0.0
Autumn-one/a-calc-old,2022-02,109,0.0,0.0,0.0
Autumn-one/a-calc-old,2022-03,175,0.0,0.0,0.0
Autumn-one/a-calc-old,2022-04,1290,0.0,0.0,0.0
Autumn-one/a-calc-old,2022-05,487,0.0,0.0,0.0
Autumn-one/a-calc-old,2022-06,217,0.0,0.0,0.0
Autumn-one/a-calc-old,2022-07,271,1.0,0.0,1.0
Autumn-one/a-calc-old,2022-08,147,0.0,0.0,0.0
Autumn-one/a-calc-old,2022-09,156,0.0,0.0,0.0
Autumn-one/a-calc-old,2022-10,71,0.0,0.0,0.0
Autumn-one/a-calc-old,2022-11,148,0.0,0.0,0.0
Autumn-one/a-calc-old,2022-12,101,0.0,0.0,0.0
Autumn-one/a-calc-old,2023-01,73,0.0,0.0,0.0
Autumn-one/a-calc-old,2023-02,52,0.0,0.0,0.0
Autumn-one/a-calc-old,2023-03,380,0.0,0.0,0.0
Autumn-one/a-calc-old,2023-04,1704,0.0,0.0,0.0
Autumn-one/a-calc-old,2023-05,481,0.0,0.0,0.0
Autumn-one/a-calc-old,2023-06,311452,0.0,0.0,0.0
Autumn-one/a-calc-old,2023-07,705106,0.0,0.0,0.0
Autumn-one/a-calc-old,2023-08,65981,0.0,0.0,0.0
ChangxingJiang/metasequoia-sql,2024-03,205,0.0,0.0,0.0
ChangxingJiang/metasequoia-sql,2024-04,713,3.0,0.0,3.0
ChangxingJiang/metasequoia-sql,2024-05,602,28.0,25.0,3.0
ChangxingJiang/metasequoia-sql,2024-06,236,139.0,125.0,14.0
ChangxingJiang/metasequoia-sql,2024-07,284,2.0,0.0,2.0
ChangxingJiang/metasequoia-sql,2024-08,47,0.0,0.0,0.0
EvolvingLMMs-Lab/lmms-eval,2024-03,1769,229.0,0.0,229.0
EvolvingLMMs-Lab/lmms-eval,2024-04,1022,112.0,0.0,112.0
EvolvingLMMs-Lab/lmms-eval,2024-05,1071,451.0,342.0,109.0
EvolvingLMMs-Lab/lmms-eval,2024-06,2083,171.0,46.0,125.0
EvolvingLMMs-Lab/lmms-eval,2024-07,4431,0.0,0.0,0.0
EvolvingLMMs-Lab/lmms-eval,2024-08,483,0.0,0.0,0.0
Holo-Host/web-sdk,2020-04,98,0.0,0.0,0.0
Holo-Host/web-sdk,2020-05,16,0.0,0.0,0.0
Holo-Host/web-sdk,2020-06,16,0.0,0.0,0.0
Holo-Host/web-sdk,2020-07,6,1.0,0.0,1.0
Holo-Host/web-sdk,2020-08,73,0.0,0.0,0.0
Holo-Host/web-sdk,2020-09,111,1.0,0.0,1.0
Holo-Host/web-sdk,2020-10,35,0.0,0.0,0.0
Holo-Host/web-sdk,2020-11,16,0.0,0.0,0.0
Holo-Host/web-sdk,2020-12,117,0.0,0.0,0.0
Holo-Host/web-sdk,2021-01,164,0.0,0.0,0.0
Holo-Host/web-sdk,2021-02,115,0.0,0.0,0.0
Holo-Host/web-sdk,2021-03,236,1.0,0.0,1.0
Holo-Host/web-sdk,2021-04,78,1.0,0.0,1.0
Holo-Host/web-sdk,2021-05,107,0.0,0.0,0.0
Holo-Host/web-sdk,2021-06,143,0.0,0.0,0.0
Holo-Host/web-sdk,2021-07,524,0.0,0.0,0.0
Holo-Host/web-sdk,2021-08,155,0.0,0.0,0.0
Holo-Host/web-sdk,2021-09,159,0.0,0.0,0.0
Holo-Host/web-sdk,2021-10,318,0.0,0.0,0.0
Holo-Host/web-sdk,2021-11,228,0.0,0.0,0.0
Holo-Host/web-sdk,2021-12,109,1.0,0.0,1.0
Holo-Host/web-sdk,2022-01,93,0.0,0.0,0.0
Holo-Host/web-sdk,2022-02,67,0.0,0.0,0.0
Holo-Host/web-sdk,2022-03,91,0.0,0.0,0.0
Holo-Host/web-sdk,2022-04,376,0.0,0.0,0.0
Holo-Host/web-sdk,2022-05,414,1.0,0.0,1.0
Holo-Host/web-sdk,2022-06,277,0.0,0.0,0.0
Holo-Host/web-sdk,2022-07,407,0.0,0.0,0.0
Holo-Host/web-sdk,2022-08,1015,0.0,0.0,0.0
Holo-Host/web-sdk,2022-09,508,0.0,0.0,0.0
Holo-Host/web-sdk,2022-10,875,1.0,0.0,1.0
Holo-Host/web-sdk,2022-11,525,0.0,0.0,0.0
Holo-Host/web-sdk,2022-12,274,0.0,0.0,0.0
Holo-Host/web-sdk,2023-01,181,0.0,0.0,0.0
Holo-Host/web-sdk,2023-02,270,0.0,0.0,0.0
Holo-Host/web-sdk,2023-03,317,1.0,0.0,1.0
Holo-Host/web-sdk,2023-04,405,0.0,0.0,0.0
Holo-Host/web-sdk,2023-05,182,0.0,0.0,0.0
Holo-Host/web-sdk,2023-06,261,0.0,0.0,0.0
Holo-Host/web-sdk,2023-07,282,1.0,0.0,1.0
Holo-Host/web-sdk,2023-08,24,0.0,0.0,0.0
IPILabs/shorter-v1-periphery,2022-06,49,0.0,0.0,0.0
IPILabs/shorter-v1-periphery,2022-07,9,250.0,176.0,74.0
IPILabs/shorter-v1-periphery,2022-08,18,208.0,176.0,32.0
IPILabs/shorter-v1-periphery,2022-09,18,0.0,0.0,0.0
IPILabs/shorter-v1-periphery,2022-10,12,0.0,0.0,0.0
IPILabs/shorter-v1-periphery,2022-11,3,0.0,0.0,0.0
IPILabs/shorter-v1-periphery,2022-12,4,0.0,0.0,0.0
IPILabs/shorter-v1-periphery,2023-01,5,0.0,0.0,0.0
IPILabs/shorter-v1-periphery,2023-02,4,0.0,0.0,0.0
IPILabs/shorter-v1-periphery,2023-03,7,0.0,0.0,0.0
IPILabs/shorter-v1-periphery,2023-04,6,0.0,0.0,0.0
IPILabs/shorter-v1-periphery,2023-05,4,0.0,0.0,0.0
IPILabs/shorter-v1-periphery,2023-06,6,0.0,0.0,0.0
IPILabs/shorter-v1-periphery,2023-07,6,0.0,0.0,0.0
InternLM/agentlego,2023-12,948,110.0,0.0,110.0
InternLM/agentlego,2024-01,389,24.0,0.0,24.0
InternLM/agentlego,2024-02,720,12.0,0.0,12.0
InternLM/agentlego,2024-03,440,23.0,0.0,23.0
InternLM/agentlego,2024-04,409,24.0,0.0,24.0
InternLM/agentlego,2024-05,320,87.0,73.0,14.0
InternLM/agentlego,2024-06,341,7.0,0.0,7.0
InternLM/agentlego,2024-07,461,0.0,0.0,0.0
InternLM/agentlego,2024-08,69,0.0,0.0,0.0
Isalia20/quadrilaterals_iou_cuda_kernel,2024-05,551,1.0,0.0,1.0
Isalia20/quadrilaterals_iou_cuda_kernel,2024-06,107,0.0,0.0,0.0
Isalia20/quadrilaterals_iou_cuda_kernel,2024-07,110,0.0,0.0,0.0
Isalia20/quadrilaterals_iou_cuda_kernel,2024-08,7,0.0,0.0,0.0
JetXu-LLM/llama-github,2024-06,471,112.0,74.0,38.0
JetXu-LLM/llama-github,2024-07,140,1.0,1.0,0.0
JetXu-LLM/llama-github,2024-08,15,0.0,0.0,0.0
Joystream/joystream,2019-05,153,0.0,0.0,0.0
Joystream/joystream,2019-06,267,0.0,0.0,0.0
Joystream/joystream,2019-07,138,0.0,0.0,0.0
Joystream/joystream,2019-08,32,2.0,0.0,2.0
Joystream/joystream,2019-09,42,2.0,0.0,2.0
Joystream/joystream,2019-10,29,1.0,0.0,1.0
Joystream/joystream,2019-11,45,0.0,0.0,0.0
Joystream/joystream,2019-12,87,0.0,0.0,0.0
Joystream/joystream,2020-01,80,2.0,0.0,2.0
Joystream/joystream,2020-02,172,2.0,0.0,2.0
Joystream/joystream,2020-03,119,4.0,0.0,4.0
Joystream/joystream,2020-04,117,1.0,0.0,1.0
Joystream/joystream,2020-05,1086,7.0,0.0,7.0
Joystream/joystream,2020-06,4898,4.0,0.0,4.0
Joystream/joystream,2020-07,10262,1.0,0.0,1.0
Joystream/joystream,2020-08,16451,3.0,0.0,3.0
Joystream/joystream,2020-09,23929,1.0,0.0,1.0
Joystream/joystream,2020-10,9022,6.0,0.0,6.0
Joystream/joystream,2020-11,18833,2.0,0.0,2.0
Joystream/joystream,2020-12,12365,3.0,0.0,3.0
Joystream/joystream,2021-01,15606,4.0,0.0,4.0
Joystream/joystream,2021-02,16110,4.0,0.0,4.0
Joystream/joystream,2021-03,13104,2.0,0.0,2.0
Joystream/joystream,2021-04,7753,1.0,0.0,1.0
Joystream/joystream,2021-05,7292,3.0,0.0,3.0
Joystream/joystream,2021-06,4029,4.0,0.0,4.0
Joystream/joystream,2021-07,7539,2.0,0.0,2.0
Joystream/joystream,2021-08,5082,2.0,0.0,2.0
Joystream/joystream,2021-09,8792,42.0,1.0,41.0
Joystream/joystream,2021-10,8362,2.0,0.0,2.0
Joystream/joystream,2021-11,4749,2.0,0.0,2.0
Joystream/joystream,2021-12,4901,2.0,0.0,2.0
Joystream/joystream,2022-01,4692,8.0,0.0,8.0
Joystream/joystream,2022-02,1868,0.0,0.0,0.0
Joystream/joystream,2022-03,2178,2.0,0.0,2.0
Joystream/joystream,2022-04,2645,2.0,0.0,2.0
Joystream/joystream,2022-05,2012,22.0,0.0,22.0
Joystream/joystream,2022-06,1516,1.0,0.0,1.0
Joystream/joystream,2022-07,1784,1.0,0.0,1.0
Joystream/joystream,2022-08,1864,0.0,0.0,0.0
Joystream/joystream,2022-09,1733,3.0,0.0,3.0
Joystream/joystream,2022-10,1808,1.0,0.0,1.0
Joystream/joystream,2022-11,1656,1.0,0.0,1.0
Joystream/joystream,2022-12,3009,3.0,0.0,3.0
Joystream/joystream,2023-01,5027,16.0,3.0,13.0
Joystream/joystream,2023-02,2537,695.0,234.0,461.0
Joystream/joystream,2023-03,4263,246.0,95.0,151.0
Joystream/joystream,2023-04,4958,154.0,84.0,70.0
Joystream/joystream,2023-05,3140,275.0,227.0,48.0
Joystream/joystream,2023-06,5345,123.0,38.0,85.0
Joystream/joystream,2023-07,4684,6.0,0.0,6.0
Joystream/joystream,2023-08,1555,4.0,0.0,4.0
TorchEnsemble-Community/Ensemble-Pytorch,2021-02,436,0.0,0.0,0.0
TorchEnsemble-Community/Ensemble-Pytorch,2021-03,1168,0.0,0.0,0.0
TorchEnsemble-Community/Ensemble-Pytorch,2021-04,996,0.0,0.0,0.0
TorchEnsemble-Community/Ensemble-Pytorch,2021-05,1020,9.0,0.0,9.0
TorchEnsemble-Community/Ensemble-Pytorch,2021-06,1044,39.0,0.0,39.0
TorchEnsemble-Community/Ensemble-Pytorch,2021-07,769,26.0,0.0,26.0
TorchEnsemble-Community/Ensemble-Pytorch,2021-08,2143,25.0,0.0,25.0
TorchEnsemble-Community/Ensemble-Pytorch,2021-09,9655,17.0,0.0,17.0
TorchEnsemble-Community/Ensemble-Pytorch,2021-10,1992,8.0,0.0,8.0
TorchEnsemble-Community/Ensemble-Pytorch,2021-11,2602,34.0,0.0,34.0
TorchEnsemble-Community/Ensemble-Pytorch,2021-12,1568,17.0,0.0,17.0
TorchEnsemble-Community/Ensemble-Pytorch,2022-01,971,10.0,0.0,10.0
TorchEnsemble-Community/Ensemble-Pytorch,2022-02,970,18.0,0.0,18.0
TorchEnsemble-Community/Ensemble-Pytorch,2022-03,10060,11.0,0.0,11.0
TorchEnsemble-Community/Ensemble-Pytorch,2022-04,3300,17.0,0.0,17.0
TorchEnsemble-Community/Ensemble-Pytorch,2022-05,1253,14.0,0.0,14.0
TorchEnsemble-Community/Ensemble-Pytorch,2022-06,1662,94.0,48.0,46.0
TorchEnsemble-Community/Ensemble-Pytorch,2022-07,1128,69.0,36.0,33.0
TorchEnsemble-Community/Ensemble-Pytorch,2022-08,1683,14.0,0.0,14.0
TorchEnsemble-Community/Ensemble-Pytorch,2022-09,1256,11.0,0.0,11.0
TorchEnsemble-Community/Ensemble-Pytorch,2022-10,986,11.0,0.0,11.0
TorchEnsemble-Community/Ensemble-Pytorch,2022-11,1078,18.0,0.0,18.0
TorchEnsemble-Community/Ensemble-Pytorch,2022-12,650,8.0,0.0,8.0
TorchEnsemble-Community/Ensemble-Pytorch,2023-01,895,12.0,0.0,12.0
TorchEnsemble-Community/Ensemble-Pytorch,2023-02,769,11.0,0.0,11.0
TorchEnsemble-Community/Ensemble-Pytorch,2023-03,1243,14.0,0.0,14.0
TorchEnsemble-Community/Ensemble-Pytorch,2023-04,931,9.0,0.0,9.0
TorchEnsemble-Community/Ensemble-Pytorch,2023-05,996,9.0,0.0,9.0
TorchEnsemble-Community/Ensemble-Pytorch,2023-06,660,8.0,0.0,8.0
TorchEnsemble-Community/Ensemble-Pytorch,2023-07,950,9.0,0.0,9.0
TorchEnsemble-Community/Ensemble-Pytorch,2023-08,941,13.0,0.0,13.0
TorchEnsemble-Community/Ensemble-Pytorch,2023-09,996,8.0,0.0,8.0
TorchEnsemble-Community/Ensemble-Pytorch,2023-10,690,12.0,0.0,12.0
TorchEnsemble-Community/Ensemble-Pytorch,2023-11,686,6.0,0.0,6.0
TorchEnsemble-Community/Ensemble-Pytorch,2023-12,746,13.0,0.0,13.0
TorchEnsemble-Community/Ensemble-Pytorch,2024-01,651,20.0,0.0,20.0
TorchEnsemble-Community/Ensemble-Pytorch,2024-02,580,100.0,71.0,29.0
TorchEnsemble-Community/Ensemble-Pytorch,2024-03,994,86.0,57.0,29.0
TorchEnsemble-Community/Ensemble-Pytorch,2024-04,1126,9.0,0.0,9.0
TorchEnsemble-Community/Ensemble-Pytorch,2024-05,843,5.0,1.0,4.0
TorchEnsemble-Community/Ensemble-Pytorch,2024-06,3570,10.0,0.0,10.0
TorchEnsemble-Community/Ensemble-Pytorch,2024-07,3501,1.0,0.0,1.0
TorchEnsemble-Community/Ensemble-Pytorch,2024-08,508,0.0,0.0,0.0
UlionTse/mlgb,2020-11,231,0.0,0.0,0.0
UlionTse/mlgb,2020-12,95,0.0,0.0,0.0
UlionTse/mlgb,2021-01,65,0.0,0.0,0.0
UlionTse/mlgb,2021-02,52,0.0,0.0,0.0
UlionTse/mlgb,2021-03,80,0.0,0.0,0.0
UlionTse/mlgb,2021-04,60,0.0,0.0,0.0
UlionTse/mlgb,2021-05,106,0.0,0.0,0.0
UlionTse/mlgb,2021-06,77,0.0,0.0,0.0
UlionTse/mlgb,2021-07,73,0.0,0.0,0.0
UlionTse/mlgb,2021-08,53,0.0,0.0,0.0
UlionTse/mlgb,2021-09,40,0.0,0.0,0.0
UlionTse/mlgb,2021-10,39,0.0,0.0,0.0
UlionTse/mlgb,2021-11,43,0.0,0.0,0.0
UlionTse/mlgb,2021-12,40,0.0,0.0,0.0
UlionTse/mlgb,2022-01,46,0.0,0.0,0.0
UlionTse/mlgb,2022-02,45,0.0,0.0,0.0
UlionTse/mlgb,2022-03,82,0.0,0.0,0.0
UlionTse/mlgb,2022-04,40,0.0,0.0,0.0
UlionTse/mlgb,2022-05,35,0.0,0.0,0.0
UlionTse/mlgb,2022-06,42,0.0,0.0,0.0
UlionTse/mlgb,2022-07,29,0.0,0.0,0.0
UlionTse/mlgb,2022-08,48,0.0,0.0,0.0
UlionTse/mlgb,2022-09,35,0.0,0.0,0.0
UlionTse/mlgb,2022-10,40,0.0,0.0,0.0
UlionTse/mlgb,2022-11,53,0.0,0.0,0.0
UlionTse/mlgb,2022-12,25,0.0,0.0,0.0
UlionTse/mlgb,2023-01,19,0.0,0.0,0.0
UlionTse/mlgb,2023-02,31,0.0,0.0,0.0
UlionTse/mlgb,2023-03,40,0.0,0.0,0.0
UlionTse/mlgb,2023-04,27,0.0,0.0,0.0
UlionTse/mlgb,2023-05,26,0.0,0.0,0.0
UlionTse/mlgb,2023-06,21,0.0,0.0,0.0
UlionTse/mlgb,2023-07,26,0.0,0.0,0.0
UlionTse/mlgb,2023-08,40,0.0,0.0,0.0
UlionTse/mlgb,2023-09,20,0.0,0.0,0.0
UlionTse/mlgb,2023-10,29,0.0,0.0,0.0
UlionTse/mlgb,2023-11,31,0.0,0.0,0.0
UlionTse/mlgb,2023-12,31,0.0,0.0,0.0
UlionTse/mlgb,2024-01,974,57.0,32.0,25.0
UlionTse/mlgb,2024-02,283,100.0,78.0,22.0
UlionTse/mlgb,2024-03,218,120.0,74.0,46.0
UlionTse/mlgb,2024-04,181,19.0,0.0,19.0
UlionTse/mlgb,2024-05,158,9.0,0.0,9.0
UlionTse/mlgb,2024-06,152,91.0,0.0,91.0
UlionTse/mlgb,2024-07,227,1.0,0.0,1.0
UlionTse/mlgb,2024-08,20,0.0,0.0,0.0
Weitheskmt/WeiDMD,2023-10,284,0.0,0.0,0.0
Weitheskmt/WeiDMD,2023-11,172,0.0,0.0,0.0
Weitheskmt/WeiDMD,2023-12,85,39.0,0.0,39.0
Weitheskmt/WeiDMD,2024-01,68,71.0,70.0,1.0
Weitheskmt/WeiDMD,2024-02,57,0.0,0.0,0.0
Weitheskmt/WeiDMD,2024-03,86,0.0,0.0,0.0
Weitheskmt/WeiDMD,2024-04,47,0.0,0.0,0.0
Weitheskmt/WeiDMD,2024-05,37,0.0,0.0,0.0
Weitheskmt/WeiDMD,2024-06,47,0.0,0.0,0.0
Weitheskmt/WeiDMD,2024-07,62,0.0,0.0,0.0
Weitheskmt/WeiDMD,2024-08,4,0.0,0.0,0.0
WwwwwyDev/crawlipt,2024-04,969,52.0,51.0,1.0
WwwwwyDev/crawlipt,2024-05,4160,117.0,99.0,18.0
WwwwwyDev/crawlipt,2024-06,970,2.0,1.0,1.0
WwwwwyDev/crawlipt,2024-07,1322,1.0,0.0,1.0
WwwwwyDev/crawlipt,2024-08,93,0.0,0.0,0.0
WwwwwyDev/crawlist,2024-04,1781,73.0,73.0,0.0
WwwwwyDev/crawlist,2024-05,1556,39.0,6.0,33.0
WwwwwyDev/crawlist,2024-06,607,3.0,0.0,3.0
WwwwwyDev/crawlist,2024-07,810,0.0,0.0,0.0
WwwwwyDev/crawlist,2024-08,76,0.0,0.0,0.0
abess-team/skscope,2023-08,8018,8.0,0.0,8.0
abess-team/skscope,2023-09,3846,1.0,0.0,1.0
abess-team/skscope,2023-10,2478,1.0,0.0,1.0
abess-team/skscope,2023-11,3764,54.0,0.0,54.0
abess-team/skscope,2023-12,3509,29.0,0.0,29.0
abess-team/skscope,2024-01,2271,106.0,72.0,34.0
abess-team/skscope,2024-02,1975,22.0,12.0,10.0
abess-team/skscope,2024-03,1737,43.0,0.0,43.0
abess-team/skscope,2024-04,3814,15.0,0.0,15.0
abess-team/skscope,2024-05,2721,14.0,0.0,14.0
abess-team/skscope,2024-06,4218,17.0,0.0,17.0
abess-team/skscope,2024-07,3690,0.0,0.0,0.0
abess-team/skscope,2024-08,606,0.0,0.0,0.0
abrorbekuz/django-db-only,2022-07,128,2.0,1.0,1.0
abrorbekuz/django-db-only,2022-08,108,0.0,0.0,0.0
abrorbekuz/django-db-only,2022-09,50,0.0,0.0,0.0
abrorbekuz/django-db-only,2022-10,59,0.0,0.0,0.0
abrorbekuz/django-db-only,2022-11,76,0.0,0.0,0.0
abrorbekuz/django-db-only,2022-12,37,0.0,0.0,0.0
abrorbekuz/django-db-only,2023-01,27,1.0,0.0,1.0
abrorbekuz/django-db-only,2023-02,45,0.0,0.0,0.0
abrorbekuz/django-db-only,2023-03,56,0.0,0.0,0.0
abrorbekuz/django-db-only,2023-04,43,0.0,0.0,0.0
abrorbekuz/django-db-only,2023-05,32,0.0,0.0,0.0
abrorbekuz/django-db-only,2023-06,35,0.0,0.0,0.0
abrorbekuz/django-db-only,2023-07,44,0.0,0.0,0.0
abrorbekuz/django-db-only,2023-08,40,0.0,0.0,0.0
abrorbekuz/django-db-only,2023-09,32,0.0,0.0,0.0
abrorbekuz/django-db-only,2023-10,36,0.0,0.0,0.0
abrorbekuz/django-db-only,2023-11,44,0.0,0.0,0.0
abrorbekuz/django-db-only,2023-12,34,0.0,0.0,0.0
abrorbekuz/django-db-only,2024-01,30,0.0,0.0,0.0
abrorbekuz/django-db-only,2024-02,37,0.0,0.0,0.0
abrorbekuz/django-db-only,2024-03,27,804.0,800.0,4.0
abrorbekuz/django-db-only,2024-04,32,0.0,0.0,0.0
abrorbekuz/django-db-only,2024-05,24,0.0,0.0,0.0
abrorbekuz/django-db-only,2024-06,27,0.0,0.0,0.0
abrorbekuz/django-db-only,2024-07,34,0.0,0.0,0.0
abrorbekuz/django-db-only,2024-08,4,0.0,0.0,0.0
amurgola/OpenGridJs,2023-05,384,5.0,0.0,5.0
amurgola/OpenGridJs,2023-06,121,0.0,0.0,0.0
amurgola/OpenGridJs,2023-07,27,0.0,0.0,0.0
childrentime/reactuse,2022-09,33,3.0,0.0,3.0
childrentime/reactuse,2022-10,36,1.0,0.0,1.0
childrentime/reactuse,2022-11,169,1.0,0.0,1.0
childrentime/reactuse,2022-12,167,2.0,0.0,2.0
childrentime/reactuse,2023-01,396,2.0,0.0,2.0
childrentime/reactuse,2023-02,220,1.0,0.0,1.0
childrentime/reactuse,2023-03,861,6.0,0.0,6.0
childrentime/reactuse,2023-04,249,2.0,0.0,2.0
childrentime/reactuse,2023-05,553,7.0,0.0,7.0
childrentime/reactuse,2023-06,192,1.0,0.0,1.0
childrentime/reactuse,2023-07,2772,2.0,0.0,2.0
childrentime/reactuse,2023-08,718,6.0,0.0,6.0
eartho-group/one-client-js,2022-05,257,0.0,0.0,0.0
eartho-group/one-client-js,2022-06,646,0.0,0.0,0.0
eartho-group/one-client-js,2022-07,596,0.0,0.0,0.0
eartho-group/one-client-js,2022-08,938,7.0,0.0,7.0
eartho-group/one-client-js,2022-09,940,3.0,0.0,3.0
eartho-group/one-client-js,2022-10,461,0.0,0.0,0.0
eartho-group/one-client-js,2022-11,341,0.0,0.0,0.0
eartho-group/one-client-js,2022-12,175,0.0,0.0,0.0
eartho-group/one-client-js,2023-01,307,0.0,0.0,0.0
eartho-group/one-client-js,2023-02,87,0.0,0.0,0.0
eartho-group/one-client-js,2023-03,198,0.0,0.0,0.0
eartho-group/one-client-js,2023-04,264,0.0,0.0,0.0
eartho-group/one-client-js,2023-05,87,0.0,0.0,0.0
eartho-group/one-client-js,2023-06,202,0.0,0.0,0.0
eartho-group/one-client-js,2023-07,130,1.0,0.0,1.0
eartho-group/one-client-js,2023-08,43,0.0,0.0,0.0
gqylpy/funccache,2023-03,326,0.0,0.0,0.0
gqylpy/funccache,2023-04,833,0.0,0.0,0.0
gqylpy/funccache,2023-05,422,2.0,2.0,0.0
gqylpy/funccache,2023-06,292,0.0,0.0,0.0
gqylpy/funccache,2023-07,581,0.0,0.0,0.0
gqylpy/funccache,2023-08,360,1.0,0.0,1.0
gqylpy/funccache,2023-09,271,0.0,0.0,0.0
gqylpy/funccache,2023-10,564,0.0,0.0,0.0
gqylpy/funccache,2023-11,322,0.0,0.0,0.0
gqylpy/funccache,2023-12,337,0.0,0.0,0.0
gqylpy/funccache,2024-01,258,0.0,0.0,0.0
gqylpy/funccache,2024-02,352,0.0,0.0,0.0
gqylpy/funccache,2024-03,293,0.0,0.0,0.0
gqylpy/funccache,2024-04,1042,89.0,89.0,0.0
gqylpy/funccache,2024-05,485,10.0,5.0,5.0
gqylpy/funccache,2024-06,267,5.0,1.0,4.0
gqylpy/funccache,2024-07,786,0.0,0.0,0.0
gqylpy/funccache,2024-08,113,0.0,0.0,0.0
gqylpy/gqylpy-exception,2022-05,83,0.0,0.0,0.0
gqylpy/gqylpy-exception,2022-06,416,0.0,0.0,0.0
gqylpy/gqylpy-exception,2022-07,322,0.0,0.0,0.0
gqylpy/gqylpy-exception,2022-08,593,0.0,0.0,0.0
gqylpy/gqylpy-exception,2022-09,367,1.0,0.0,1.0
gqylpy/gqylpy-exception,2022-10,1044,0.0,0.0,0.0
gqylpy/gqylpy-exception,2022-11,826,1.0,0.0,1.0
gqylpy/gqylpy-exception,2022-12,633,0.0,0.0,0.0
gqylpy/gqylpy-exception,2023-01,734,1.0,0.0,1.0
gqylpy/gqylpy-exception,2023-02,649,0.0,0.0,0.0
gqylpy/gqylpy-exception,2023-03,802,0.0,0.0,0.0
gqylpy/gqylpy-exception,2023-04,1360,1.0,0.0,1.0
gqylpy/gqylpy-exception,2023-05,1030,19.0,3.0,16.0
gqylpy/gqylpy-exception,2023-06,1079,5.0,1.0,4.0
gqylpy/gqylpy-exception,2023-07,851,0.0,0.0,0.0
gqylpy/gqylpy-exception,2023-08,764,0.0,0.0,0.0
gqylpy/gqylpy-exception,2023-09,522,5.0,4.0,1.0
gqylpy/gqylpy-exception,2023-10,911,11.0,9.0,2.0
gqylpy/gqylpy-exception,2023-11,646,0.0,0.0,0.0
gqylpy/gqylpy-exception,2023-12,661,0.0,0.0,0.0
gqylpy/gqylpy-exception,2024-01,543,0.0,0.0,0.0
gqylpy/gqylpy-exception,2024-02,1108,0.0,0.0,0.0
gqylpy/gqylpy-exception,2024-03,783,0.0,0.0,0.0
gqylpy/gqylpy-exception,2024-04,579,0.0,0.0,0.0
gqylpy/gqylpy-exception,2024-05,950,79.0,78.0,1.0
gqylpy/gqylpy-exception,2024-06,844,2.0,1.0,1.0
gqylpy/gqylpy-exception,2024-07,1685,1.0,0.0,1.0
gqylpy/gqylpy-exception,2024-08,254,0.0,0.0,0.0
greydoubt/m77,2024-02,420,0.0,0.0,0.0
greydoubt/m77,2024-03,104,0.0,0.0,0.0
greydoubt/m77,2024-04,67,0.0,0.0,0.0
greydoubt/m77,2024-05,76,0.0,0.0,0.0
greydoubt/m77,2024-06,67,0.0,0.0,0.0
greydoubt/m77,2024-07,103,0.0,0.0,0.0
greydoubt/m77,2024-08,12,0.0,0.0,0.0
hitsz-ids/synthetic-data-generator,2023-08,247,2.0,0.0,2.0
hitsz-ids/synthetic-data-generator,2023-09,84,0.0,0.0,0.0
hitsz-ids/synthetic-data-generator,2023-10,54,1.0,0.0,1.0
hitsz-ids/synthetic-data-generator,2023-11,71,1.0,0.0,1.0
hitsz-ids/synthetic-data-generator,2023-12,1438,5.0,0.0,5.0
hitsz-ids/synthetic-data-generator,2024-01,1345,400.0,298.0,102.0
hitsz-ids/synthetic-data-generator,2024-02,744,658.0,379.0,279.0
hitsz-ids/synthetic-data-generator,2024-03,892,517.0,214.0,303.0
hitsz-ids/synthetic-data-generator,2024-04,680,393.0,36.0,357.0
hitsz-ids/synthetic-data-generator,2024-05,530,116.0,4.0,112.0
hitsz-ids/synthetic-data-generator,2024-06,530,416.0,12.0,404.0
hitsz-ids/synthetic-data-generator,2024-07,515,19.0,2.0,17.0
hitsz-ids/synthetic-data-generator,2024-08,127,0.0,0.0,0.0
holochain/holochain-client-js,2022-01,473,3.0,0.0,3.0
holochain/holochain-client-js,2022-02,374,1.0,0.0,1.0
holochain/holochain-client-js,2022-03,976,0.0,0.0,0.0
holochain/holochain-client-js,2022-04,1158,2.0,0.0,2.0
holochain/holochain-client-js,2022-05,999,1.0,0.0,1.0
holochain/holochain-client-js,2022-06,2412,1.0,0.0,1.0
holochain/holochain-client-js,2022-07,2593,0.0,0.0,0.0
holochain/holochain-client-js,2022-08,2293,26.0,13.0,13.0
holochain/holochain-client-js,2022-09,1601,4.0,1.0,3.0
holochain/holochain-client-js,2022-10,3280,0.0,0.0,0.0
holochain/holochain-client-js,2022-11,2642,0.0,0.0,0.0
holochain/holochain-client-js,2022-12,4012,0.0,0.0,0.0
holochain/holochain-client-js,2023-01,3759,1.0,0.0,1.0
holochain/holochain-client-js,2023-02,4375,1.0,0.0,1.0
holochain/holochain-client-js,2023-03,4075,2.0,0.0,2.0
holochain/holochain-client-js,2023-04,4242,2.0,0.0,2.0
holochain/holochain-client-js,2023-05,4030,1.0,0.0,1.0
holochain/holochain-client-js,2023-06,3344,0.0,0.0,0.0
holochain/holochain-client-js,2023-07,3369,1.0,0.0,1.0
holochain/holochain-client-js,2023-08,691,0.0,0.0,0.0
holochain/holochain-rust,2018-10,15,0.0,0.0,0.0
holochain/holochain-rust,2018-11,1073,0.0,0.0,0.0
holochain/holochain-rust,2018-12,1404,0.0,0.0,0.0
holochain/holochain-rust,2019-01,132,0.0,0.0,0.0
holochain/holochain-rust,2019-02,220,0.0,0.0,0.0
holochain/holochain-rust,2019-03,337,0.0,0.0,0.0
holochain/holochain-rust,2019-04,268,0.0,0.0,0.0
holochain/holochain-rust,2019-05,317,0.0,0.0,0.0
holochain/holochain-rust,2019-06,475,0.0,0.0,0.0
holochain/holochain-rust,2019-07,401,30.0,0.0,30.0
holochain/holochain-rust,2019-08,130,18.0,0.0,18.0
holochain/holochain-rust,2019-09,6,22.0,0.0,22.0
holochain/holochain-rust,2019-10,53,30.0,0.0,30.0
holochain/holochain-rust,2019-11,164,24.0,0.0,24.0
holochain/holochain-rust,2019-12,8,23.0,0.0,23.0
holochain/holochain-rust,2020-01,206,25.0,0.0,25.0
holochain/holochain-rust,2020-02,413,19.0,0.0,19.0
holochain/holochain-rust,2020-03,21,13.0,0.0,13.0
holochain/holochain-rust,2020-04,5,26.0,0.0,26.0
holochain/holochain-rust,2020-05,25,19.0,0.0,19.0
holochain/holochain-rust,2020-06,54,15.0,0.0,15.0
holochain/holochain-rust,2020-07,9,23.0,0.0,23.0
holochain/holochain-rust,2020-08,34,20.0,0.0,20.0
holochain/holochain-rust,2020-09,25,11.0,0.0,11.0
holochain/holochain-rust,2020-10,170,7.0,0.0,7.0
holochain/holochain-rust,2020-11,320,6.0,0.0,6.0
holochain/holochain-rust,2020-12,158,3.0,0.0,3.0
holochain/holochain-rust,2021-01,88,10.0,0.0,10.0
holochain/holochain-rust,2021-02,143,19.0,0.0,19.0
holochain/holochain-rust,2021-03,221,28.0,0.0,28.0
holochain/holochain-rust,2021-04,95,38.0,0.0,38.0
holochain/holochain-rust,2021-05,125,5.0,0.0,5.0
holochain/holochain-rust,2021-06,84,1.0,0.0,1.0
holochain/holochain-rust,2021-07,219,2.0,0.0,2.0
holochain/holochain-rust,2021-08,207,0.0,0.0,0.0
holochain/holochain-rust,2021-09,127,3.0,0.0,3.0
holochain/holochain-rust,2021-10,20,0.0,0.0,0.0
holochain/holochain-rust,2021-11,86,7.0,0.0,7.0
holochain/holochain-rust,2021-12,88,0.0,0.0,0.0
holochain/holochain-rust,2022-01,172,0.0,0.0,0.0
holochain/holochain-rust,2022-02,48,0.0,0.0,0.0
holochain/holochain-rust,2022-03,42,1.0,0.0,1.0
holochain/holochain-rust,2022-04,215,1.0,0.0,1.0
holochain/holochain-rust,2022-05,137,0.0,0.0,0.0
holochain/holochain-rust,2022-06,407,1.0,0.0,1.0
holochain/holochain-rust,2022-07,245,1.0,0.0,1.0
holochain/holochain-rust,2022-08,240,12.0,4.0,8.0
holochain/holochain-rust,2022-09,257,3.0,0.0,3.0
holochain/holochain-rust,2022-10,196,2.0,0.0,2.0
holochain/holochain-rust,2022-11,27,2.0,0.0,2.0
holochain/holochain-rust,2022-12,25,1.0,0.0,1.0
holochain/holochain-rust,2023-01,127,1.0,0.0,1.0
holochain/holochain-rust,2023-02,86,0.0,0.0,0.0
holochain/holochain-rust,2023-03,157,1.0,0.0,1.0
holochain/holochain-rust,2023-04,166,2.0,0.0,2.0
holochain/holochain-rust,2023-05,61,1.0,0.0,1.0
holochain/holochain-rust,2023-06,48,1.0,0.0,1.0
holochain/holochain-rust,2023-07,85,0.0,0.0,0.0
holochain/holochain-rust,2023-08,3,1.0,0.0,1.0
holochain/scaffolding,2021-09,197,0.0,0.0,0.0
holochain/scaffolding,2021-10,519,0.0,0.0,0.0
holochain/scaffolding,2021-11,151,0.0,0.0,0.0
holochain/scaffolding,2021-12,187,2.0,0.0,2.0
holochain/scaffolding,2022-01,265,4.0,0.0,4.0
holochain/scaffolding,2022-02,198,1.0,0.0,1.0
holochain/scaffolding,2022-03,167,1.0,0.0,1.0
holochain/scaffolding,2022-04,169,0.0,0.0,0.0
holochain/scaffolding,2022-05,278,3.0,0.0,3.0
holochain/scaffolding,2022-06,83,0.0,0.0,0.0
holochain/scaffolding,2022-07,612,1.0,0.0,1.0
holochain/scaffolding,2022-08,720,7.0,3.0,4.0
holochain/scaffolding,2022-09,449,0.0,0.0,0.0
holochain/scaffolding,2022-10,206,1.0,0.0,1.0
holochain/scaffolding,2022-11,55,1.0,0.0,1.0
holochain/scaffolding,2022-12,78,1.0,0.0,1.0
holochain/scaffolding,2023-01,161,1.0,0.0,1.0
holochain/scaffolding,2023-02,75,2.0,0.0,2.0
holochain/scaffolding,2023-03,193,1.0,0.0,1.0
holochain/scaffolding,2023-04,236,0.0,0.0,0.0
holochain/scaffolding,2023-05,95,0.0,0.0,0.0
holochain/scaffolding,2023-06,72,0.0,0.0,0.0
holochain/scaffolding,2023-07,128,0.0,0.0,0.0
holochain/scaffolding,2023-08,2,0.0,0.0,0.0
holochain/tryorama,2019-11,2016,0.0,0.0,0.0
holochain/tryorama,2019-12,2321,1.0,0.0,1.0
holochain/tryorama,2020-01,831,3.0,0.0,3.0
holochain/tryorama,2020-02,861,1.0,0.0,1.0
holochain/tryorama,2020-03,566,1.0,0.0,1.0
holochain/tryorama,2020-04,306,0.0,0.0,0.0
holochain/tryorama,2020-05,311,1.0,0.0,1.0
holochain/tryorama,2020-06,457,0.0,0.0,0.0
holochain/tryorama,2020-07,228,0.0,0.0,0.0
holochain/tryorama,2020-08,168,1.0,0.0,1.0
holochain/tryorama,2020-09,240,0.0,0.0,0.0
holochain/tryorama,2020-10,154,1.0,0.0,1.0
holochain/tryorama,2020-11,253,0.0,0.0,0.0
holochain/tryorama,2020-12,322,2.0,0.0,2.0
holochain/tryorama,2021-01,298,1.0,0.0,1.0
holochain/tryorama,2021-02,246,1.0,0.0,1.0
holochain/tryorama,2021-03,712,0.0,0.0,0.0
holochain/tryorama,2021-04,456,1.0,0.0,1.0
holochain/tryorama,2021-05,417,3.0,0.0,3.0
holochain/tryorama,2021-06,495,0.0,0.0,0.0
holochain/tryorama,2021-07,413,0.0,0.0,0.0
holochain/tryorama,2021-08,311,1.0,0.0,1.0
holochain/tryorama,2021-09,367,1.0,0.0,1.0
holochain/tryorama,2021-10,523,1.0,0.0,1.0
holochain/tryorama,2021-11,399,1.0,0.0,1.0
holochain/tryorama,2021-12,265,0.0,0.0,0.0
holochain/tryorama,2022-01,580,1.0,0.0,1.0
holochain/tryorama,2022-02,341,1.0,0.0,1.0
holochain/tryorama,2022-03,689,0.0,0.0,0.0
holochain/tryorama,2022-04,968,0.0,0.0,0.0
holochain/tryorama,2022-05,743,0.0,0.0,0.0
holochain/tryorama,2022-06,893,0.0,0.0,0.0
holochain/tryorama,2022-07,1060,0.0,0.0,0.0
holochain/tryorama,2022-08,1067,4.0,2.0,2.0
holochain/tryorama,2022-09,973,0.0,0.0,0.0
holochain/tryorama,2022-10,861,1.0,0.0,1.0
holochain/tryorama,2022-11,321,0.0,0.0,0.0
holochain/tryorama,2022-12,562,1.0,0.0,1.0
holochain/tryorama,2023-01,951,0.0,0.0,0.0
holochain/tryorama,2023-02,833,0.0,0.0,0.0
holochain/tryorama,2023-03,1122,0.0,0.0,0.0
holochain/tryorama,2023-04,1025,0.0,0.0,0.0
holochain/tryorama,2023-05,941,0.0,0.0,0.0
holochain/tryorama,2023-06,781,0.0,0.0,0.0
holochain/tryorama,2023-07,935,0.0,0.0,0.0
holochain/tryorama,2023-08,264,0.0,0.0,0.0
in1nit1t/uniref,2023-01,854,6.0,0.0,6.0
in1nit1t/uniref,2023-02,511,2.0,0.0,2.0
in1nit1t/uniref,2023-03,986,6.0,0.0,6.0
in1nit1t/uniref,2023-04,552,1.0,0.0,1.0
in1nit1t/uniref,2023-05,518,1.0,0.0,1.0
in1nit1t/uniref,2023-06,269,3.0,0.0,3.0
in1nit1t/uniref,2023-07,559,0.0,0.0,0.0
in1nit1t/uniref,2023-08,411,3.0,0.0,3.0
in1nit1t/uniref,2023-09,307,3.0,0.0,3.0
in1nit1t/uniref,2023-10,318,1.0,0.0,1.0
in1nit1t/uniref,2023-11,508,5.0,0.0,5.0
in1nit1t/uniref,2023-12,539,0.0,0.0,0.0
in1nit1t/uniref,2024-01,317,0.0,0.0,0.0
in1nit1t/uniref,2024-02,258,2.0,0.0,2.0
in1nit1t/uniref,2024-03,180,78.0,76.0,2.0
in1nit1t/uniref,2024-04,195,28.0,13.0,15.0
in1nit1t/uniref,2024-05,183,20.0,0.0,20.0
in1nit1t/uniref,2024-06,149,24.0,1.0,23.0
in1nit1t/uniref,2024-07,223,0.0,0.0,0.0
in1nit1t/uniref,2024-08,19,0.0,0.0,0.0
jasonsoft/nestjs-seq,2021-09,370,1.0,1.0,0.0
jasonsoft/nestjs-seq,2021-10,65,0.0,0.0,0.0
jasonsoft/nestjs-seq,2021-11,47,0.0,0.0,0.0
jasonsoft/nestjs-seq,2021-12,70,0.0,0.0,0.0
jasonsoft/nestjs-seq,2022-01,98,0.0,0.0,0.0
jasonsoft/nestjs-seq,2022-02,41,0.0,0.0,0.0
jasonsoft/nestjs-seq,2022-03,129,0.0,0.0,0.0
jasonsoft/nestjs-seq,2022-04,120,0.0,0.0,0.0
jasonsoft/nestjs-seq,2022-05,112,0.0,0.0,0.0
jasonsoft/nestjs-seq,2022-06,200,0.0,0.0,0.0
jasonsoft/nestjs-seq,2022-07,182,0.0,0.0,0.0
jasonsoft/nestjs-seq,2022-08,690,0.0,0.0,0.0
jasonsoft/nestjs-seq,2022-09,599,1.0,0.0,1.0
jasonsoft/nestjs-seq,2022-10,334,0.0,0.0,0.0
jasonsoft/nestjs-seq,2022-11,132,0.0,0.0,0.0
jasonsoft/nestjs-seq,2022-12,108,1.0,1.0,0.0
jasonsoft/nestjs-seq,2023-01,210,0.0,0.0,0.0
jasonsoft/nestjs-seq,2023-02,197,0.0,0.0,0.0
jasonsoft/nestjs-seq,2023-03,346,0.0,0.0,0.0
jasonsoft/nestjs-seq,2023-04,300,0.0,0.0,0.0
jasonsoft/nestjs-seq,2023-05,242,0.0,0.0,0.0
jasonsoft/nestjs-seq,2023-06,360,0.0,0.0,0.0
jasonsoft/nestjs-seq,2023-07,656,0.0,0.0,0.0
jasonsoft/nestjs-seq,2023-08,64,0.0,0.0,0.0
jen-soft/pydocker,2019-05,972,0.0,0.0,0.0
jen-soft/pydocker,2019-06,567,0.0,0.0,0.0
jen-soft/pydocker,2019-07,505,0.0,0.0,0.0
jen-soft/pydocker,2019-08,356,1.0,0.0,1.0
jen-soft/pydocker,2019-09,357,0.0,0.0,0.0
jen-soft/pydocker,2019-10,362,72.0,70.0,2.0
jen-soft/pydocker,2019-11,301,0.0,0.0,0.0
jen-soft/pydocker,2019-12,346,1.0,0.0,1.0
jen-soft/pydocker,2020-01,338,2.0,0.0,2.0
jen-soft/pydocker,2020-02,292,0.0,0.0,0.0
jen-soft/pydocker,2020-03,280,1.0,0.0,1.0
jen-soft/pydocker,2020-04,405,1.0,0.0,1.0
jen-soft/pydocker,2020-05,392,0.0,0.0,0.0
jen-soft/pydocker,2020-06,414,1.0,0.0,1.0
jen-soft/pydocker,2020-07,246,0.0,0.0,0.0
jen-soft/pydocker,2020-08,430,0.0,0.0,0.0
jen-soft/pydocker,2020-09,438,0.0,0.0,0.0
jen-soft/pydocker,2020-10,275,0.0,0.0,0.0
jen-soft/pydocker,2020-11,253,0.0,0.0,0.0
jen-soft/pydocker,2020-12,234,1.0,0.0,1.0
jen-soft/pydocker,2021-01,267,0.0,0.0,0.0
jen-soft/pydocker,2021-02,251,1.0,0.0,1.0
jen-soft/pydocker,2021-03,369,3.0,0.0,3.0
jen-soft/pydocker,2021-04,344,1.0,0.0,1.0
jen-soft/pydocker,2021-05,243,0.0,0.0,0.0
jen-soft/pydocker,2021-06,215,0.0,0.0,0.0
jen-soft/pydocker,2021-07,221,1.0,0.0,1.0
jen-soft/pydocker,2021-08,206,0.0,0.0,0.0
jen-soft/pydocker,2021-09,160,0.0,0.0,0.0
jen-soft/pydocker,2021-10,193,0.0,0.0,0.0
jen-soft/pydocker,2021-11,211,0.0,0.0,0.0
jen-soft/pydocker,2021-12,195,0.0,0.0,0.0
jen-soft/pydocker,2022-01,437,1.0,0.0,1.0
jen-soft/pydocker,2022-02,343,0.0,0.0,0.0
jen-soft/pydocker,2022-03,446,0.0,0.0,0.0
jen-soft/pydocker,2022-04,267,0.0,0.0,0.0
jen-soft/pydocker,2022-05,225,1.0,0.0,1.0
jen-soft/pydocker,2022-06,227,0.0,0.0,0.0
jen-soft/pydocker,2022-07,180,0.0,0.0,0.0
jen-soft/pydocker,2022-08,263,1.0,0.0,1.0
jen-soft/pydocker,2022-09,218,0.0,0.0,0.0
jen-soft/pydocker,2022-10,262,0.0,0.0,0.0
jen-soft/pydocker,2022-11,275,0.0,0.0,0.0
jen-soft/pydocker,2022-12,139,0.0,0.0,0.0
jen-soft/pydocker,2023-01,180,0.0,0.0,0.0
jen-soft/pydocker,2023-02,269,1.0,0.0,1.0
jen-soft/pydocker,2023-03,244,0.0,0.0,0.0
jen-soft/pydocker,2023-04,236,1.0,0.0,1.0
jen-soft/pydocker,2023-05,177,0.0,0.0,0.0
jen-soft/pydocker,2023-06,178,0.0,0.0,0.0
jen-soft/pydocker,2023-07,321,0.0,0.0,0.0
jen-soft/pydocker,2023-08,496,0.0,0.0,0.0
jen-soft/pydocker,2023-09,370,0.0,0.0,0.0
jen-soft/pydocker,2023-10,438,0.0,0.0,0.0
jen-soft/pydocker,2023-11,433,0.0,0.0,0.0
jen-soft/pydocker,2023-12,265,0.0,0.0,0.0
jen-soft/pydocker,2024-01,240,0.0,0.0,0.0
jen-soft/pydocker,2024-02,203,0.0,0.0,0.0
jen-soft/pydocker,2024-03,148,0.0,0.0,0.0
jen-soft/pydocker,2024-04,217,0.0,0.0,0.0
jen-soft/pydocker,2024-05,113,0.0,0.0,0.0
jen-soft/pydocker,2024-06,139,0.0,0.0,0.0
jen-soft/pydocker,2024-07,196,0.0,0.0,0.0
jen-soft/pydocker,2024-08,21,0.0,0.0,0.0
jianzfb/antgo,2021-01,1100,0.0,0.0,0.0
jianzfb/antgo,2021-02,406,0.0,0.0,0.0
jianzfb/antgo,2021-03,613,0.0,0.0,0.0
jianzfb/antgo,2021-04,420,0.0,0.0,0.0
jianzfb/antgo,2021-05,434,0.0,0.0,0.0
jianzfb/antgo,2021-06,491,0.0,0.0,0.0
jianzfb/antgo,2021-07,430,0.0,0.0,0.0
jianzfb/antgo,2021-08,448,0.0,0.0,0.0
jianzfb/antgo,2021-09,1789,1.0,0.0,1.0
jianzfb/antgo,2021-10,729,0.0,0.0,0.0
jianzfb/antgo,2021-11,1377,0.0,0.0,0.0
jianzfb/antgo,2021-12,1032,0.0,0.0,0.0
jianzfb/antgo,2022-01,1037,0.0,0.0,0.0
jianzfb/antgo,2022-02,1098,0.0,0.0,0.0
jianzfb/antgo,2022-03,1979,0.0,0.0,0.0
jianzfb/antgo,2022-04,885,0.0,0.0,0.0
jianzfb/antgo,2022-05,904,0.0,0.0,0.0
jianzfb/antgo,2022-06,906,1.0,0.0,1.0
jianzfb/antgo,2022-07,642,1.0,0.0,1.0
jianzfb/antgo,2022-08,832,0.0,0.0,0.0
jianzfb/antgo,2022-09,590,0.0,0.0,0.0
jianzfb/antgo,2022-10,751,0.0,0.0,0.0
jianzfb/antgo,2022-11,841,0.0,0.0,0.0
jianzfb/antgo,2022-12,569,0.0,0.0,0.0
jianzfb/antgo,2023-01,464,0.0,0.0,0.0
jianzfb/antgo,2023-02,884,0.0,0.0,0.0
jianzfb/antgo,2023-03,822,0.0,0.0,0.0
jianzfb/antgo,2023-04,1819,0.0,0.0,0.0
jianzfb/antgo,2023-05,1516,1.0,0.0,1.0
jianzfb/antgo,2023-06,3160,5.0,2.0,3.0
jianzfb/antgo,2023-07,2481,0.0,0.0,0.0
jianzfb/antgo,2023-08,1818,0.0,0.0,0.0
jianzfb/antgo,2023-09,1183,0.0,0.0,0.0
jianzfb/antgo,2023-10,1651,0.0,0.0,0.0
jianzfb/antgo,2023-11,1215,0.0,0.0,0.0
jianzfb/antgo,2023-12,1290,0.0,0.0,0.0
jianzfb/antgo,2024-01,1098,0.0,0.0,0.0
jianzfb/antgo,2024-02,1631,0.0,0.0,0.0
jianzfb/antgo,2024-03,1252,1.0,0.0,1.0
jianzfb/antgo,2024-04,1676,63.0,55.0,8.0
jianzfb/antgo,2024-05,928,136.0,128.0,8.0
jianzfb/antgo,2024-06,1056,18.0,9.0,9.0
jianzfb/antgo,2024-07,1617,1.0,0.0,1.0
jianzfb/antgo,2024-08,160,0.0,0.0,0.0
kazura233/web-daemon,2021-05,55,2.0,0.0,2.0
kazura233/web-daemon,2021-06,23,0.0,0.0,0.0
kazura233/web-daemon,2021-07,221,1.0,0.0,1.0
kazura233/web-daemon,2021-08,7,758.0,457.0,301.0
kazura233/web-daemon,2021-09,53,36.0,18.0,18.0
kazura233/web-daemon,2021-10,17,0.0,0.0,0.0
kazura233/web-daemon,2021-11,6,0.0,0.0,0.0
kazura233/web-daemon,2021-12,8,0.0,0.0,0.0
kazura233/web-daemon,2022-01,13,2.0,0.0,2.0
kazura233/web-daemon,2022-02,7,0.0,0.0,0.0
kazura233/web-daemon,2022-03,13,0.0,0.0,0.0
kazura233/web-daemon,2022-04,18,0.0,0.0,0.0
kazura233/web-daemon,2022-05,13,0.0,0.0,0.0
kazura233/web-daemon,2022-06,4,0.0,0.0,0.0
kazura233/web-daemon,2022-07,14,1.0,0.0,1.0
kazura233/web-daemon,2022-08,18,0.0,0.0,0.0
kazura233/web-daemon,2022-09,15,0.0,0.0,0.0
kazura233/web-daemon,2022-10,10,0.0,0.0,0.0
kazura233/web-daemon,2022-11,4,1.0,0.0,1.0
kazura233/web-daemon,2022-12,5,0.0,0.0,0.0
kazura233/web-daemon,2023-01,7,0.0,0.0,0.0
kazura233/web-daemon,2023-02,8,0.0,0.0,0.0
kazura233/web-daemon,2023-03,7,0.0,0.0,0.0
kazura233/web-daemon,2023-04,7,0.0,0.0,0.0
kazura233/web-daemon,2023-05,2,0.0,0.0,0.0
kazura233/web-daemon,2023-06,6,0.0,0.0,0.0
kazura233/web-daemon,2023-07,8,0.0,0.0,0.0
lastmile-ai/aiconfig,2023-10,802,6.0,2.0,4.0
lastmile-ai/aiconfig,2023-11,3291,323.0,4.0,319.0
lastmile-ai/aiconfig,2023-12,7613,219.0,1.0,218.0
lastmile-ai/aiconfig,2024-01,7513,71.0,1.0,70.0
lastmile-ai/aiconfig,2024-02,9556,69.0,8.0,61.0
lastmile-ai/aiconfig,2024-03,7817,117.0,113.0,4.0
lastmile-ai/aiconfig,2024-04,7168,22.0,0.0,22.0
lastmile-ai/aiconfig,2024-05,4516,27.0,0.0,27.0
lastmile-ai/aiconfig,2024-06,4332,26.0,0.0,26.0
lastmile-ai/aiconfig,2024-07,5559,1.0,0.0,1.0
lastmile-ai/aiconfig,2024-08,482,0.0,0.0,0.0
lavague-ai/LaVague,2024-03,2977,2948.0,2948.0,0.0
lavague-ai/LaVague,2024-04,2014,365.0,140.0,225.0
lavague-ai/LaVague,2024-05,9087,690.0,139.0,551.0
lavague-ai/LaVague,2024-06,6298,321.0,47.0,274.0
lavague-ai/LaVague,2024-07,8132,10.0,3.0,7.0
lavague-ai/LaVague,2024-08,2520,0.0,0.0,0.0
lobehub/lobe-chat,2023-07,5134,32.0,3.0,29.0
lobehub/lobe-chat,2023-08,3739,110.0,12.0,98.0
manujajay/portfolio-optimize,2024-03,1893,4.0,0.0,4.0
manujajay/portfolio-optimize,2024-04,503,74.0,0.0,74.0
manujajay/portfolio-optimize,2024-05,418,89.0,58.0,31.0
manujajay/portfolio-optimize,2024-06,242,7.0,0.0,7.0
manujajay/portfolio-optimize,2024-07,389,0.0,0.0,0.0
manujajay/portfolio-optimize,2024-08,56,0.0,0.0,0.0
manumerous/vpselector,2023-09,1022,38.0,0.0,38.0
manumerous/vpselector,2023-10,277,2.0,0.0,2.0
manumerous/vpselector,2023-11,217,2.0,0.0,2.0
manumerous/vpselector,2023-12,252,1.0,0.0,1.0
manumerous/vpselector,2024-01,244,83.0,51.0,32.0
manumerous/vpselector,2024-02,167,0.0,0.0,0.0
manumerous/vpselector,2024-03,118,0.0,0.0,0.0
manumerous/vpselector,2024-04,168,2.0,0.0,2.0
manumerous/vpselector,2024-05,147,0.0,0.0,0.0
manumerous/vpselector,2024-06,133,2.0,0.0,2.0
manumerous/vpselector,2024-07,215,0.0,0.0,0.0
manumerous/vpselector,2024-08,14,0.0,0.0,0.0
matter-labs/hardhat-zksync,2021-12,181,3.0,0.0,3.0
matter-labs/hardhat-zksync,2022-01,228,9.0,0.0,9.0
matter-labs/hardhat-zksync,2022-02,1023,3.0,0.0,3.0
matter-labs/hardhat-zksync,2022-03,1792,1.0,0.0,1.0
matter-labs/hardhat-zksync,2022-04,925,4.0,0.0,4.0
matter-labs/hardhat-zksync,2022-05,522,0.0,0.0,0.0
matter-labs/hardhat-zksync,2022-06,4965,1.0,0.0,1.0
matter-labs/hardhat-zksync,2022-07,6353,14.0,0.0,14.0
matter-labs/hardhat-zksync,2022-08,7320,3.0,0.0,3.0
matter-labs/hardhat-zksync,2022-09,13041,4.0,0.0,4.0
matter-labs/hardhat-zksync,2022-10,16568,2.0,0.0,2.0
matter-labs/hardhat-zksync,2022-11,12489,7.0,0.0,7.0
matter-labs/hardhat-zksync,2022-12,19615,2.0,0.0,2.0
matter-labs/hardhat-zksync,2023-01,17972,6.0,0.0,6.0
matter-labs/hardhat-zksync,2023-02,18788,2.0,0.0,2.0
matter-labs/hardhat-zksync,2023-03,39750,8.0,0.0,8.0
matter-labs/hardhat-zksync,2023-04,51899,7.0,0.0,7.0
matter-labs/hardhat-zksync,2023-05,46617,5.0,0.0,5.0
matter-labs/hardhat-zksync,2023-06,63048,15.0,0.0,15.0
matter-labs/hardhat-zksync,2023-07,119082,9.0,0.0,9.0
matter-labs/hardhat-zksync,2023-08,21877,8.0,0.0,8.0
nextcaptcha/nextcaptcha-python,2024-03,519,88.0,84.0,4.0
nextcaptcha/nextcaptcha-python,2024-04,506,2.0,0.0,2.0
nextcaptcha/nextcaptcha-python,2024-05,529,1.0,0.0,1.0
nextcaptcha/nextcaptcha-python,2024-06,444,1.0,0.0,1.0
nextcaptcha/nextcaptcha-python,2024-07,1830,0.0,0.0,0.0
nextcaptcha/nextcaptcha-python,2024-08,162,0.0,0.0,0.0
numbersprotocol/nit,2022-05,246,0.0,0.0,0.0
numbersprotocol/nit,2022-06,201,1009.0,712.0,297.0
numbersprotocol/nit,2022-07,293,3379.0,2466.0,913.0
numbersprotocol/nit,2022-08,514,2.0,0.0,2.0
numbersprotocol/nit,2022-09,312,3.0,0.0,3.0
numbersprotocol/nit,2022-10,175,1.0,0.0,1.0
numbersprotocol/nit,2022-11,42,1.0,0.0,1.0
numbersprotocol/nit,2022-12,88,1.0,0.0,1.0
numbersprotocol/nit,2023-01,561,0.0,0.0,0.0
numbersprotocol/nit,2023-02,345,1.0,0.0,1.0
numbersprotocol/nit,2023-03,102,1.0,0.0,1.0
numbersprotocol/nit,2023-04,267,3.0,1.0,2.0
numbersprotocol/nit,2023-05,150,0.0,0.0,0.0
numbersprotocol/nit,2023-06,223,4.0,0.0,4.0
numbersprotocol/nit,2023-07,90,1.0,0.0,1.0
numbersprotocol/nit,2023-08,1,0.0,0.0,0.0
oxylabs/Python-Web-Scraping-Tutorial,2023-11,140,1.0,0.0,1.0
oxylabs/Python-Web-Scraping-Tutorial,2023-12,65,2.0,0.0,2.0
oxylabs/Python-Web-Scraping-Tutorial,2024-01,53,129.0,79.0,50.0
oxylabs/Python-Web-Scraping-Tutorial,2024-02,36,123.0,38.0,85.0
oxylabs/Python-Web-Scraping-Tutorial,2024-03,36,10.0,0.0,10.0
oxylabs/Python-Web-Scraping-Tutorial,2024-04,39,6.0,0.0,6.0
oxylabs/Python-Web-Scraping-Tutorial,2024-05,25,7.0,0.0,7.0
oxylabs/Python-Web-Scraping-Tutorial,2024-06,22,0.0,0.0,0.0
oxylabs/Python-Web-Scraping-Tutorial,2024-07,45,0.0,0.0,0.0
oxylabs/Python-Web-Scraping-Tutorial,2024-08,3,0.0,0.0,0.0
oxylabs/aliexpress-scraper,2024-02,347,126.0,45.0,81.0
oxylabs/aliexpress-scraper,2024-03,181,11.0,0.0,11.0
oxylabs/aliexpress-scraper,2024-04,123,2.0,0.0,2.0
oxylabs/aliexpress-scraper,2024-05,113,1.0,0.0,1.0
oxylabs/aliexpress-scraper,2024-06,120,5.0,0.0,5.0
oxylabs/aliexpress-scraper,2024-07,139,0.0,0.0,0.0
oxylabs/aliexpress-scraper,2024-08,20,0.0,0.0,0.0
oxylabs/google-shopping-scraper,2024-02,237,8.0,8.0,0.0
oxylabs/google-shopping-scraper,2024-03,136,1.0,0.0,1.0
oxylabs/google-shopping-scraper,2024-04,62,2.0,0.0,2.0
oxylabs/google-shopping-scraper,2024-05,75,1.0,0.0,1.0
oxylabs/google-shopping-scraper,2024-06,68,1.0,0.0,1.0
oxylabs/google-shopping-scraper,2024-07,90,0.0,0.0,0.0
oxylabs/google-shopping-scraper,2024-08,10,0.0,0.0,0.0
oxylabs/web-unblocker,2023-11,251,2.0,0.0,2.0
oxylabs/web-unblocker,2023-12,114,1.0,0.0,1.0
oxylabs/web-unblocker,2024-01,86,142.0,87.0,55.0
oxylabs/web-unblocker,2024-02,76,67.0,43.0,24.0
oxylabs/web-unblocker,2024-03,103,9.0,0.0,9.0
oxylabs/web-unblocker,2024-04,120,4.0,0.0,4.0
oxylabs/web-unblocker,2024-05,61,4.0,0.0,4.0
oxylabs/web-unblocker,2024-06,55,4.0,0.0,4.0
oxylabs/web-unblocker,2024-07,80,1.0,0.0,1.0
oxylabs/web-unblocker,2024-08,6,0.0,0.0,0.0
oxylabs/youtube-scraper,2024-02,222,66.0,15.0,51.0
oxylabs/youtube-scraper,2024-03,113,14.0,1.0,13.0
oxylabs/youtube-scraper,2024-04,60,0.0,0.0,0.0
oxylabs/youtube-scraper,2024-05,49,2.0,0.0,2.0
oxylabs/youtube-scraper,2024-06,50,1.0,0.0,1.0
oxylabs/youtube-scraper,2024-07,76,0.0,0.0,0.0
oxylabs/youtube-scraper,2024-08,2,0.0,0.0,0.0
promptdesk/promptdesk,2023-09,889,3.0,0.0,3.0
promptdesk/promptdesk,2023-10,829,0.0,0.0,0.0
promptdesk/promptdesk,2023-11,1828,8.0,0.0,8.0
promptdesk/promptdesk,2023-12,1604,1.0,0.0,1.0
promptdesk/promptdesk,2024-01,894,76.0,70.0,6.0
promptdesk/promptdesk,2024-02,1088,4.0,0.0,4.0
promptdesk/promptdesk,2024-03,903,2.0,0.0,2.0
promptdesk/promptdesk,2024-04,881,9.0,0.0,9.0
promptdesk/promptdesk,2024-05,591,6.0,0.0,6.0
promptdesk/promptdesk,2024-06,466,0.0,0.0,0.0
promptdesk/promptdesk,2024-07,881,0.0,0.0,0.0
promptdesk/promptdesk,2024-08,36,0.0,0.0,0.0
scayle/storefront-api-ts-sdk,2019-01,135,0.0,0.0,0.0
scayle/storefront-api-ts-sdk,2019-02,675,0.0,0.0,0.0
scayle/storefront-api-ts-sdk,2019-03,2849,0.0,0.0,0.0
scayle/storefront-api-ts-sdk,2019-04,10529,0.0,0.0,0.0
scayle/storefront-api-ts-sdk,2019-05,9230,0.0,0.0,0.0
scayle/storefront-api-ts-sdk,2019-06,9160,0.0,0.0,0.0
scayle/storefront-api-ts-sdk,2019-07,2773,0.0,0.0,0.0
scayle/storefront-api-ts-sdk,2019-08,5560,0.0,0.0,0.0
scayle/storefront-api-ts-sdk,2019-09,6057,0.0,0.0,0.0
scayle/storefront-api-ts-sdk,2019-10,4235,0.0,0.0,0.0
scayle/storefront-api-ts-sdk,2019-11,7443,0.0,0.0,0.0
scayle/storefront-api-ts-sdk,2019-12,4506,0.0,0.0,0.0
scayle/storefront-api-ts-sdk,2020-01,11850,0.0,0.0,0.0
scayle/storefront-api-ts-sdk,2020-02,35789,0.0,0.0,0.0
scayle/storefront-api-ts-sdk,2020-03,8043,0.0,0.0,0.0
scayle/storefront-api-ts-sdk,2020-04,7837,0.0,0.0,0.0
scayle/storefront-api-ts-sdk,2020-05,18189,0.0,0.0,0.0
scayle/storefront-api-ts-sdk,2020-06,11426,0.0,0.0,0.0
scayle/storefront-api-ts-sdk,2020-07,13453,0.0,0.0,0.0
scayle/storefront-api-ts-sdk,2020-08,16621,0.0,0.0,0.0
scayle/storefront-api-ts-sdk,2020-09,10062,0.0,0.0,0.0
scayle/storefront-api-ts-sdk,2020-10,8452,0.0,0.0,0.0
scayle/storefront-api-ts-sdk,2020-11,5854,0.0,0.0,0.0
scayle/storefront-api-ts-sdk,2020-12,5341,0.0,0.0,0.0
scayle/storefront-api-ts-sdk,2021-01,11627,0.0,0.0,0.0
scayle/storefront-api-ts-sdk,2021-02,13395,0.0,0.0,0.0
scayle/storefront-api-ts-sdk,2021-03,26200,0.0,0.0,0.0
scayle/storefront-api-ts-sdk,2021-04,6828,0.0,0.0,0.0
scayle/storefront-api-ts-sdk,2021-05,5817,0.0,0.0,0.0
scayle/storefront-api-ts-sdk,2021-06,10755,0.0,0.0,0.0
scayle/storefront-api-ts-sdk,2021-07,14480,0.0,0.0,0.0
scayle/storefront-api-ts-sdk,2021-08,8789,0.0,0.0,0.0
scayle/storefront-api-ts-sdk,2021-09,11825,0.0,0.0,0.0
scayle/storefront-api-ts-sdk,2021-10,14366,0.0,0.0,0.0
scayle/storefront-api-ts-sdk,2021-11,10026,0.0,0.0,0.0
scayle/storefront-api-ts-sdk,2021-12,8731,0.0,0.0,0.0
scayle/storefront-api-ts-sdk,2022-01,12521,0.0,0.0,0.0
scayle/storefront-api-ts-sdk,2022-02,8691,0.0,0.0,0.0
scayle/storefront-api-ts-sdk,2022-03,7499,0.0,0.0,0.0
scayle/storefront-api-ts-sdk,2022-04,11288,0.0,0.0,0.0
scayle/storefront-api-ts-sdk,2022-05,7925,0.0,0.0,0.0
scayle/storefront-api-ts-sdk,2022-06,6955,0.0,0.0,0.0
scayle/storefront-api-ts-sdk,2022-07,11921,0.0,0.0,0.0
scayle/storefront-api-ts-sdk,2022-08,11750,0.0,0.0,0.0
scayle/storefront-api-ts-sdk,2022-09,11316,0.0,0.0,0.0
scayle/storefront-api-ts-sdk,2022-10,13364,0.0,0.0,0.0
scayle/storefront-api-ts-sdk,2022-11,13573,0.0,0.0,0.0
scayle/storefront-api-ts-sdk,2022-12,9951,0.0,0.0,0.0
scayle/storefront-api-ts-sdk,2023-01,6294,0.0,0.0,0.0
scayle/storefront-api-ts-sdk,2023-02,6757,0.0,0.0,0.0
scayle/storefront-api-ts-sdk,2023-03,5255,0.0,0.0,0.0
scayle/storefront-api-ts-sdk,2023-04,7284,0.0,0.0,0.0
scayle/storefront-api-ts-sdk,2023-05,5322,0.0,0.0,0.0
scayle/storefront-api-ts-sdk,2023-06,6617,0.0,0.0,0.0
scayle/storefront-api-ts-sdk,2023-07,6903,1.0,0.0,1.0
scayle/storefront-api-ts-sdk,2023-08,1349,0.0,0.0,0.0
scrapy/loginform,2016-01,317,0.0,0.0,0.0
scrapy/loginform,2016-02,1215,0.0,0.0,0.0
scrapy/loginform,2016-03,294,0.0,0.0,0.0
scrapy/loginform,2016-05,346,0.0,0.0,0.0
scrapy/loginform,2016-06,1219,0.0,0.0,0.0
scrapy/loginform,2016-07,1607,0.0,0.0,0.0
scrapy/loginform,2016-08,2693,0.0,0.0,0.0
scrapy/loginform,2016-09,1829,0.0,0.0,0.0
scrapy/loginform,2016-10,1495,0.0,0.0,0.0
scrapy/loginform,2016-11,1386,0.0,0.0,0.0
scrapy/loginform,2016-12,1409,0.0,0.0,0.0
scrapy/loginform,2017-01,1285,0.0,0.0,0.0
scrapy/loginform,2017-02,1503,0.0,0.0,0.0
scrapy/loginform,2017-03,1338,0.0,0.0,0.0
scrapy/loginform,2017-04,1091,0.0,0.0,0.0
scrapy/loginform,2017-05,804,0.0,0.0,0.0
scrapy/loginform,2017-06,1031,0.0,0.0,0.0
scrapy/loginform,2017-07,790,0.0,0.0,0.0
scrapy/loginform,2017-08,821,0.0,0.0,0.0
scrapy/loginform,2017-09,700,0.0,0.0,0.0
scrapy/loginform,2017-10,790,0.0,0.0,0.0
scrapy/loginform,2017-11,765,0.0,0.0,0.0
scrapy/loginform,2017-12,833,0.0,0.0,0.0
scrapy/loginform,2018-01,761,0.0,0.0,0.0
scrapy/loginform,2018-02,552,0.0,0.0,0.0
scrapy/loginform,2018-03,433,0.0,0.0,0.0
scrapy/loginform,2018-04,487,0.0,0.0,0.0
scrapy/loginform,2018-05,845,0.0,0.0,0.0
scrapy/loginform,2018-06,353,0.0,0.0,0.0
scrapy/loginform,2018-07,354,0.0,0.0,0.0
scrapy/loginform,2018-08,1092,0.0,0.0,0.0
scrapy/loginform,2018-09,1080,0.0,0.0,0.0
scrapy/loginform,2018-10,1217,0.0,0.0,0.0
scrapy/loginform,2018-11,1061,0.0,0.0,0.0
scrapy/loginform,2018-12,2986,0.0,0.0,0.0
scrapy/loginform,2019-01,1423,0.0,0.0,0.0
scrapy/loginform,2019-02,1625,0.0,0.0,0.0
scrapy/loginform,2019-03,1741,0.0,0.0,0.0
scrapy/loginform,2019-04,1455,0.0,0.0,0.0
scrapy/loginform,2019-05,1692,0.0,0.0,0.0
scrapy/loginform,2019-06,1453,0.0,0.0,0.0
scrapy/loginform,2019-07,1624,2.0,0.0,2.0
scrapy/loginform,2019-08,1660,2.0,0.0,2.0
scrapy/loginform,2019-09,1462,1.0,0.0,1.0
scrapy/loginform,2019-10,1757,4.0,0.0,4.0
scrapy/loginform,2019-11,1822,2.0,0.0,2.0
scrapy/loginform,2019-12,1990,1.0,0.0,1.0
scrapy/loginform,2020-01,1854,1.0,0.0,1.0
scrapy/loginform,2020-02,1751,1.0,0.0,1.0
scrapy/loginform,2020-03,2180,2.0,0.0,2.0
scrapy/loginform,2020-04,2309,0.0,0.0,0.0
scrapy/loginform,2020-05,1794,1.0,0.0,1.0
scrapy/loginform,2020-06,1311,2.0,0.0,2.0
scrapy/loginform,2020-07,1452,1.0,0.0,1.0
scrapy/loginform,2020-08,1638,0.0,0.0,0.0
scrapy/loginform,2020-09,1709,0.0,0.0,0.0
scrapy/loginform,2020-10,1389,0.0,0.0,0.0
scrapy/loginform,2020-11,1633,2.0,0.0,2.0
scrapy/loginform,2020-12,1280,1.0,0.0,1.0
scrapy/loginform,2021-01,1353,2.0,0.0,2.0
scrapy/loginform,2021-02,1304,0.0,0.0,0.0
scrapy/loginform,2021-03,1549,1.0,0.0,1.0
scrapy/loginform,2021-04,1595,3.0,0.0,3.0
scrapy/loginform,2021-05,1555,0.0,0.0,0.0
scrapy/loginform,2021-06,1466,2.0,0.0,2.0
scrapy/loginform,2021-07,1321,2.0,1.0,1.0
scrapy/loginform,2021-08,1555,2.0,0.0,2.0
scrapy/loginform,2021-09,1476,0.0,0.0,0.0
scrapy/loginform,2021-10,1395,0.0,0.0,0.0
scrapy/loginform,2021-11,1896,0.0,0.0,0.0
scrapy/loginform,2021-12,1600,1.0,0.0,1.0
scrapy/loginform,2022-01,1663,2.0,0.0,2.0
scrapy/loginform,2022-02,2011,1.0,0.0,1.0
scrapy/loginform,2022-03,7223,1.0,0.0,1.0
scrapy/loginform,2022-04,1618,1.0,0.0,1.0
scrapy/loginform,2022-05,1900,0.0,0.0,0.0
scrapy/loginform,2022-06,2383,0.0,0.0,0.0
scrapy/loginform,2022-07,2666,0.0,0.0,0.0
scrapy/loginform,2022-08,2559,0.0,0.0,0.0
scrapy/loginform,2022-09,2114,0.0,0.0,0.0
scrapy/loginform,2022-10,2376,74.0,70.0,4.0
scrapy/loginform,2022-11,1736,0.0,0.0,0.0
scrapy/loginform,2022-12,1382,4.0,0.0,4.0
scrapy/loginform,2023-01,1816,1.0,0.0,1.0
scrapy/loginform,2023-02,1988,1.0,0.0,1.0
scrapy/loginform,2023-03,1962,1.0,0.0,1.0
scrapy/loginform,2023-04,2005,1.0,0.0,1.0
scrapy/loginform,2023-05,2077,1.0,0.0,1.0
scrapy/loginform,2023-06,1838,0.0,0.0,0.0
scrapy/loginform,2023-07,929,0.0,0.0,0.0
scrapy/loginform,2023-08,1074,0.0,0.0,0.0
scrapy/loginform,2023-09,859,0.0,0.0,0.0
scrapy/loginform,2023-10,996,2.0,0.0,2.0
scrapy/loginform,2023-11,896,0.0,0.0,0.0
scrapy/loginform,2023-12,812,2.0,0.0,2.0
scrapy/loginform,2024-01,789,1.0,0.0,1.0
scrapy/loginform,2024-02,1125,1.0,0.0,1.0
scrapy/loginform,2024-03,1291,2.0,0.0,2.0
scrapy/loginform,2024-04,1390,2.0,0.0,2.0
scrapy/loginform,2024-05,1373,5.0,2.0,3.0
scrapy/loginform,2024-06,1608,0.0,0.0,0.0
scrapy/loginform,2024-07,3199,0.0,0.0,0.0
scrapy/loginform,2024-08,533,0.0,0.0,0.0
tatumio/tatum-js,2020-07,1430,0.0,0.0,0.0
tatumio/tatum-js,2020-08,2309,0.0,0.0,0.0
tatumio/tatum-js,2020-09,1753,1.0,0.0,1.0
tatumio/tatum-js,2020-10,1796,0.0,0.0,0.0
tatumio/tatum-js,2020-11,1202,0.0,0.0,0.0
tatumio/tatum-js,2020-12,1144,3.0,0.0,3.0
tatumio/tatum-js,2021-01,4243,1.0,0.0,1.0
tatumio/tatum-js,2021-02,1695,1.0,0.0,1.0
tatumio/tatum-js,2021-03,11746,4.0,0.0,4.0
tatumio/tatum-js,2021-04,3190,2.0,0.0,2.0
tatumio/tatum-js,2021-05,6377,5.0,0.0,5.0
tatumio/tatum-js,2021-06,2392,2.0,0.0,2.0
tatumio/tatum-js,2021-07,3954,7.0,0.0,7.0
tatumio/tatum-js,2021-08,6463,5.0,0.0,5.0
tatumio/tatum-js,2021-09,4167,10.0,0.0,10.0
tatumio/tatum-js,2021-10,4880,0.0,0.0,0.0
tatumio/tatum-js,2021-11,4874,7.0,0.0,7.0
tatumio/tatum-js,2021-12,5078,18.0,1.0,17.0
tatumio/tatum-js,2022-01,4053,9.0,0.0,9.0
tatumio/tatum-js,2022-02,4620,10.0,0.0,10.0
tatumio/tatum-js,2022-03,5375,20.0,1.0,19.0
tatumio/tatum-js,2022-04,6373,8.0,0.0,8.0
tatumio/tatum-js,2022-05,5886,5.0,0.0,5.0
tatumio/tatum-js,2022-06,2710,7.0,0.0,7.0
tatumio/tatum-js,2022-07,5528,3.0,0.0,3.0
tatumio/tatum-js,2022-08,9873,4.0,0.0,4.0
tatumio/tatum-js,2022-09,9520,4.0,0.0,4.0
tatumio/tatum-js,2022-10,10567,2.0,0.0,2.0
tatumio/tatum-js,2022-11,4253,6.0,0.0,6.0
tatumio/tatum-js,2022-12,8311,19.0,0.0,19.0
tatumio/tatum-js,2023-01,4365,29.0,0.0,29.0
tatumio/tatum-js,2023-02,5173,5.0,0.0,5.0
tatumio/tatum-js,2023-03,6959,4.0,0.0,4.0
tatumio/tatum-js,2023-04,7779,5.0,0.0,5.0
tatumio/tatum-js,2023-05,7360,2.0,0.0,2.0
tatumio/tatum-js,2023-06,7514,8.0,0.0,8.0
tatumio/tatum-js,2023-07,11527,30.0,0.0,30.0
tatumio/tatum-js,2023-08,3180,21.0,4.0,17.0
zksync-sdk/zksync2-python,2022-10,196,0.0,0.0,0.0
zksync-sdk/zksync2-python,2022-11,321,2.0,0.0,2.0
zksync-sdk/zksync2-python,2022-12,416,1.0,0.0,1.0
zksync-sdk/zksync2-python,2023-01,474,1.0,0.0,1.0
zksync-sdk/zksync2-python,2023-02,317,1.0,0.0,1.0
zksync-sdk/zksync2-python,2023-03,596,4.0,0.0,4.0
zksync-sdk/zksync2-python,2023-04,1049,5.0,0.0,5.0
zksync-sdk/zksync2-python,2023-05,1001,12.0,0.0,12.0
zksync-sdk/zksync2-python,2023-06,1028,15.0,0.0,15.0
zksync-sdk/zksync2-python,2023-07,1625,20.0,0.0,20.0
zksync-sdk/zksync2-python,2023-08,1790,10.0,0.0,10.0
zksync-sdk/zksync2-python,2023-09,1569,5.0,0.0,5.0
zksync-sdk/zksync2-python,2023-10,894,11.0,0.0,11.0
zksync-sdk/zksync2-python,2023-11,1389,14.0,0.0,14.0
zksync-sdk/zksync2-python,2023-12,2002,17.0,0.0,17.0
zksync-sdk/zksync2-python,2024-01,2496,17.0,0.0,17.0
zksync-sdk/zksync2-python,2024-02,2226,92.0,61.0,31.0
zksync-sdk/zksync2-python,2024-03,2446,54.0,10.0,44.0
zksync-sdk/zksync2-python,2024-04,3672,14.0,0.0,14.0
zksync-sdk/zksync2-python,2024-05,1547,6.0,0.0,6.0
zksync-sdk/zksync2-python,2024-06,2408,19.0,0.0,19.0
zksync-sdk/zksync2-python,2024-07,1986,0.0,0.0,0.0
zksync-sdk/zksync2-python,2024-08,312,0.0,0.0,0.0
